,date,changeinaccountspayable,changeinaccountsreceivable,changeininventory,depreciationamortization,other,stockbasedcompensation,ticker,deferredincometaxes,dividendspaid,effectofexchangeratechangesoncash,proceedsfromissuanceofdebt,repaymentsofdebt,netcashprovidedbyoperatingactivities,netincreasedecreaseincash,capitalexpenditures,netcashprovidedbyfinancingactivities,netcashprovidedbyinvestingactivities,changeinaccruedexpenses,repurchaseofstock,proceedsfromissuanceofstock
0,2025-03-29,0.0,0.0,0.0,0.0,24780000000.0,0.0,AAPL,,,,,,,,,,,,,
1,2024-12-28,-6671000000.0,3597000000.0,215000000.0,3080000000.0,18824000000.0,3286000000.0,AAPL,,,,,,,,,,,,,
2,2024-06-29,0.0,0.0,0.0,0.0,21448000000.0,0.0,AAPL,,,,,,,,,,,,,
3,2024-03-30,0.0,0.0,0.0,0.0,23636000000.0,0.0,AAPL,,,,,,,,,,,,,
4,2023-12-30,-4542000000.0,6555000000.0,-137000000.0,2848000000.0,34518000000.0,2997000000.0,AAPL,,,,,,,,,,,,,
5,2023-07-01,0.0,0.0,0.0,0.0,19881000000.0,0.0,AAPL,,,,,,,,,,,,,
6,2023-04-01,0.0,0.0,0.0,0.0,24160000000.0,0.0,AAPL,,,,,,,,,,,,,
7,2022-12-31,-6075000000.0,4275000000.0,-1807000000.0,2916000000.0,-9234000000.0,2905000000.0,AAPL,,,,,,,,,,,,,
8,2025-03-31,-696000000.0,-1479000000.0,-155000000.0,2081000000.0,1497000000.0,410000000.0,ABBV,-28000000.0,-2925000000.0,9000000.0,3994000000.0,-3026000000.0,,,,,,,,
9,2024-09-30,0.0,0.0,0.0,2091000000.0,3346000000.0,0.0,ABBV,0.0,0.0,0.0,0.0,0.0,,,,,,,,
10,2024-06-30,0.0,0.0,0.0,2084000000.0,-990000000.0,0.0,ABBV,0.0,0.0,0.0,0.0,0.0,,,,,,,,
11,2024-03-31,362000000.0,-702000000.0,-75000000.0,2083000000.0,2140000000.0,348000000.0,ABBV,-389000000.0,-2772000000.0,-18000000.0,14963000000.0,-103000000.0,,,,,,,,
12,2023-09-30,0.0,0.0,0.0,2196000000.0,1847000000.0,0.0,ABBV,0.0,0.0,0.0,0.0,0.0,,,,,,,,
13,2023-06-30,0.0,0.0,0.0,2290000000.0,2307000000.0,0.0,ABBV,0.0,0.0,0.0,0.0,0.0,,,,,,,,
14,2023-03-31,-465000000.0,-195000000.0,-185000000.0,2079000000.0,-4700000000.0,313000000.0,ABBV,-267000000.0,-2661000000.0,8000000.0,0.0,-1351000000.0,,,,,,,,
15,2022-09-30,0.0,0.0,0.0,2181000000.0,4762000000.0,0.0,ABBV,0.0,0.0,0.0,0.0,0.0,,,,,,,,
16,2025-03-31,,,-255000000.0,756000000.0,-2397000000.0,289000000.0,ABT,,-1026000000.0,24000000.0,1000000.0,-1001000000.0,1417000000.0,-1084000000.0,,,,,,
17,2024-09-30,,,0.0,-470000000.0,1646000000.0,0.0,ABT,,0.0,0.0,0.0,0.0,0.0,0.0,,,,,,
18,2024-06-30,,,0.0,-471000000.0,1302000000.0,0.0,ABT,,0.0,0.0,0.0,0.0,0.0,0.0,,,,,,
19,2024-03-31,,,-410000000.0,-139000000.0,-1919000000.0,304000000.0,ABT,,-957000000.0,-36000000.0,0.0,0.0,1025000000.0,-612000000.0,,,,,,
20,2023-09-30,,,0.0,-496000000.0,1436000000.0,0.0,ABT,,0.0,0.0,0.0,0.0,0.0,0.0,,,,,,
21,2023-06-30,,,0.0,-498000000.0,1375000000.0,0.0,ABT,,0.0,0.0,0.0,0.0,0.0,0.0,,,,,,
22,2023-03-31,,,-419000000.0,-176000000.0,-2379000000.0,281000000.0,ABT,,-890000000.0,8000000.0,0.0,0.0,1143000000.0,-721000000.0,,,,,,
23,2022-09-30,,,0.0,-498000000.0,1435000000.0,0.0,ABT,,0.0,0.0,0.0,0.0,0.0,0.0,,,,,,
24,2025-02-28,0.0,,,,1822441000.0,0.0,ACN,0.0,0.0,0.0,0.0,,0.0,0.0,0.0,0.0,0.0,,,
25,2024-11-30,-124399000.0,,,,3543680000.0,470425000.0,ACN,59222000.0,925558000.0,-87124000.0,477367000.0,,1022486000.0,3301586000.0,-152205000.0,2751748000.0,-385524000.0,,,
26,2024-05-31,0.0,,,,1981348000.0,0.0,ACN,0.0,0.0,0.0,0.0,,0.0,0.0,0.0,0.0,0.0,,,
27,2024-02-29,0.0,,,,1709202000.0,0.0,ACN,0.0,0.0,0.0,0.0,,0.0,0.0,0.0,0.0,0.0,,,
28,2023-11-30,48728000.0,,,,-1912635000.0,423000000.0,ACN,-24371000.0,810056000.0,4601000.0,477434000.0,,498551000.0,-1904191000.0,-68933000.0,-1551913000.0,-855430000.0,,,
29,2023-05-31,0.0,,,,2048335000.0,0.0,ACN,0.0,0.0,0.0,0.0,,0.0,0.0,0.0,0.0,0.0,,,
30,2023-02-28,0.0,,,,1550683000.0,0.0,ACN,0.0,0.0,0.0,0.0,,0.0,0.0,0.0,0.0,0.0,,,
31,2022-11-30,-202182000.0,,,,-1736895000.0,425469000.0,ACN,-54537000.0,-705567000.0,-26594000.0,465707000.0,,495398000.0,-1990130000.0,-98830000.0,-1676860000.0,-782074000.0,,,
32,2025-02-28,,,,217000000.0,-5262000000.0,475000000.0,ADBE,-169000000.0,,,1997000000.0,-1500000000.0,2482000000.0,,-26000000.0,,0.0,-378000000.0,,
33,2024-08-30,,,,0.0,1684000000.0,0.0,ADBE,0.0,,,0.0,0.0,0.0,,0.0,,0.0,0.0,,
34,2024-05-31,,,,0.0,1573000000.0,0.0,ADBE,0.0,,,0.0,0.0,0.0,,0.0,,0.0,0.0,,
35,2024-03-01,,,,212000000.0,-3624000000.0,451000000.0,ADBE,-116000000.0,,,0.0,0.0,1174000000.0,,-37000000.0,,66000000.0,-332000000.0,,
36,2023-09-01,,,,0.0,1403000000.0,0.0,ADBE,0.0,,,0.0,0.0,0.0,,0.0,,0.0,0.0,,
37,2023-06-02,,,,0.0,1295000000.0,0.0,ADBE,0.0,,,0.0,0.0,0.0,,0.0,,0.0,0.0,,
38,2023-03-03,,,,212000000.0,-1429000000.0,416000000.0,ADBE,-49000000.0,,,0.0,-500000000.0,1693000000.0,,-101000000.0,,0.0,-323000000.0,,
39,2022-09-02,,,,0.0,1136000000.0,0.0,ADBE,0.0,,,0.0,0.0,0.0,,0.0,,0.0,0.0,,
40,2025-05-03,,,,0.0,169770000.0,0.0,ADI,0.0,,0.0,,,0.0,0.0,0.0,,,,0.0,
41,2025-02-01,,,,515603000.0,2070692000.0,77574000.0,ADI,-59454000.0,,0.0,,,1126809000.0,358652000.0,-148978000.0,,,,-160368000.0,
42,2024-08-03,,,,0.0,392232000.0,0.0,ADI,0.0,,0.0,,,0.0,0.0,0.0,,,,0.0,
43,2024-05-04,,,,0.0,302242000.0,0.0,ADI,0.0,,0.0,,,0.0,0.0,0.0,,,,0.0,
44,2024-02-03,,,,525251000.0,2912396000.0,69815000.0,ADI,-102149000.0,,0.0,,,1138832000.0,345499000.0,-222978000.0,,,,-180351000.0,
45,2023-07-29,,,,0.0,877019000.0,0.0,ADI,0.0,,0.0,,,0.0,0.0,0.0,,,,0.0,
46,2023-04-29,,,,0.0,977656000.0,0.0,ADI,0.0,,0.0,,,0.0,0.0,0.0,,,,0.0,
47,2023-01-28,,,,587498000.0,-256998000.0,75041000.0,ADI,-146354000.0,,0.0,,,1406305000.0,199890000.0,-176158000.0,,,,-654557000.0,
48,2025-03-31,0.0,0.0,,0.0,1249500000.0,0.0,ADP,,0.0,0.0,,,,,0.0,,,0.0,,
49,2024-12-31,0.0,0.0,,0.0,963200000.0,0.0,ADP,,0.0,0.0,,,,,0.0,,,0.0,,
50,2024-09-30,48000000.0,115400000.0,,404500000.0,-10868000000.0,60600000.0,ADP,,-572600000.0,17000000.0,,,,,-58800000.0,,,-323400000.0,,
51,2024-03-31,0.0,0.0,,0.0,1184900000.0,0.0,ADP,,0.0,0.0,,,,,0.0,,,0.0,,
52,2023-12-31,0.0,0.0,,0.0,878400000.0,0.0,ADP,,0.0,0.0,,,,,0.0,,,0.0,,
53,2023-09-30,-30400000.0,-107900000.0,,398300000.0,-3555500000.0,58800000.0,ADP,,-515800000.0,-16300000.0,,,,,-39300000.0,,,-308600000.0,,
54,2023-03-31,0.0,0.0,,0.0,1043100000.0,0.0,ADP,,0.0,0.0,,,,,0.0,,,0.0,,
55,2022-12-31,0.0,0.0,,0.0,813100000.0,0.0,ADP,,0.0,0.0,,,,,0.0,,,0.0,,
56,2025-04-27,0.0,0.0,0.0,0.0,2137000000.0,0.0,AMAT,0.0,,,0.0,,,,0.0,,,,,
57,2025-01-26,-429000000.0,-764000000.0,-80000000.0,105000000.0,-4596000000.0,195000000.0,AMAT,668000000.0,,,200000000.0,,,,-381000000.0,,,,,
58,2024-07-28,0.0,0.0,0.0,0.0,1705000000.0,0.0,AMAT,0.0,,,0.0,,,,0.0,,,,,
59,2024-04-28,0.0,0.0,0.0,0.0,1722000000.0,0.0,AMAT,0.0,,,0.0,,,,0.0,,,,,
60,2024-01-28,-539000000.0,465000000.0,79000000.0,91000000.0,2272000000.0,170000000.0,AMAT,-72000000.0,,,100000000.0,,,,-229000000.0,,,,,
61,2023-07-30,0.0,0.0,0.0,0.0,1560000000.0,0.0,AMAT,0.0,,,0.0,,,,0.0,,,,,
62,2023-04-30,0.0,0.0,0.0,0.0,1575000000.0,0.0,AMAT,0.0,,,0.0,,,,0.0,,,,,
63,2023-01-29,-567000000.0,683000000.0,-122000000.0,120000000.0,4812000000.0,148000000.0,AMAT,-21000000.0,,,0.0,,,,-287000000.0,,,,,
64,2025-03-29,-289000000.0,748000000.0,-682000000.0,742000000.0,4081000000.0,364000000.0,AMD,-167000000.0,,,,,939000000.0,0.0,-65000000.0,1666000000.0,-357000000.0,,0.0,
65,2024-09-28,0.0,0.0,0.0,0.0,1230000000.0,0.0,AMD,0.0,,,,,0.0,0.0,0.0,0.0,0.0,,0.0,
66,2024-06-29,0.0,0.0,0.0,0.0,326000000.0,0.0,AMD,0.0,,,,,0.0,0.0,0.0,0.0,0.0,,0.0,
67,2024-03-30,-636000000.0,338000000.0,-303000000.0,810000000.0,25000000.0,371000000.0,AMD,-66000000.0,,,,,521000000.0,257000000.0,-40000000.0,-129000000.0,-135000000.0,,-4000000.0,
68,2023-09-30,0.0,0.0,0.0,0.0,593000000.0,0.0,AMD,0.0,,,,,0.0,0.0,0.0,0.0,0.0,,0.0,
69,2023-07-01,0.0,0.0,0.0,0.0,344000000.0,0.0,AMD,0.0,,,,,0.0,0.0,0.0,0.0,0.0,,0.0,
70,2023-04-01,73000000.0,86000000.0,-464000000.0,1006000000.0,-1311000000.0,309000000.0,AMD,308000000.0,,,,,486000000.0,-1010000000.0,-89000000.0,-259000000.0,-1237000000.0,,-241000000.0,
71,2022-09-24,0.0,0.0,0.0,0.0,374000000.0,0.0,AMD,0.0,,,,,0.0,0.0,0.0,0.0,0.0,,0.0,
72,2025-03-31,497000000.0,,288000000.0,1387000000.0,-5074000000.0,85000000.0,AMGN,-250000000.0,-1279000000.0,,0.0,-2500000000.0,1391000000.0,,,-4107000000.0,-447000000.0,,,
73,2024-09-30,0.0,,0.0,0.0,2830000000.0,0.0,AMGN,0.0,0.0,,0.0,0.0,0.0,,,0.0,0.0,,,
74,2024-06-30,0.0,,0.0,0.0,746000000.0,0.0,AMGN,0.0,0.0,,0.0,-1400000000.0,0.0,,,0.0,0.0,,,
75,2024-03-31,23000000.0,,806000000.0,1399000000.0,-4101000000.0,103000000.0,AMGN,-401000000.0,-1208000000.0,,0.0,0.0,689000000.0,,,0.0,0.0,,,
76,2023-09-30,0.0,,0.0,0.0,1730000000.0,0.0,AMGN,0.0,0.0,,0.0,0.0,0.0,,,0.0,0.0,,,
77,2023-06-30,0.0,,0.0,0.0,1379000000.0,0.0,AMGN,0.0,0.0,,0.0,0.0,0.0,,,0.0,0.0,,,
78,2023-03-31,-253000000.0,,-58000000.0,900000000.0,25230000000.0,0.0,AMGN,-49000000.0,-1137000000.0,,23798000000.0,-704000000.0,1064000000.0,,,21509000000.0,1358000000.0,,,
79,2022-09-30,0.0,,0.0,0.0,2247000000.0,0.0,AMGN,0.0,0.0,,0.0,0.0,0.0,,,0.0,0.0,,,
80,2025-03-31,,,,0.0,-293600000.0,53400000.0,AMT,,,,998000000.0,,,131000000.0,1400000.0,,,,,
81,2024-09-30,,,,0.0,-2025900000.0,0.0,AMT,,,,0.0,,,0.0,0.0,,,,,
82,2024-06-30,,,,561700000.0,908400000.0,0.0,AMT,,,,0.0,,,0.0,0.0,,,,,
83,2024-03-31,,,,549400000.0,-541400000.0,64900000.0,AMT,,,,1293000000.0,,,423300000.0,3600000.0,,,,,
84,2023-09-30,,,,-762900000.0,468700000.0,0.0,AMT,,,,0.0,,,0.0,0.0,,,,,
85,2023-06-30,,,,-764600000.0,461500000.0,0.0,AMT,,,,0.0,,,0.0,0.0,,,,,
86,2023-03-31,,,,-794100000.0,-3749100000.0,65500000.0,AMT,,,,2794200000.0,,,-215300000.0,7300000.0,,,,,
87,2022-09-30,,,,-898100000.0,819700000.0,0.0,AMT,,,,0.0,,,0.0,0.0,,,,,
88,2025-03-31,-9043000000.0,1247000000.0,-1222000000.0,14262000000.0,-5846000000.0,3689000000.0,AMZN,507000000.0,,,,0.0,17015000000.0,,-25019000000.0,-47000000.0,-29803000000.0,-4061000000.0,,
89,2024-09-30,-477000000.0,-701000000.0,-1509000000.0,13442000000.0,22647000000.0,5333000000.0,AMZN,-1317000000.0,,,,-2183000000.0,25971000000.0,,-22620000000.0,-2758000000.0,-16899000000.0,129000000.0,,
90,2024-06-30,6005000000.0,-2209000000.0,-3085000000.0,12038000000.0,2784000000.0,6722000000.0,AMZN,-785000000.0,,,,-4169000000.0,25281000000.0,,-17620000000.0,-4490000000.0,-22138000000.0,-4147000000.0,,
91,2024-03-31,-11282000000.0,3684000000.0,1776000000.0,11684000000.0,6282000000.0,4961000000.0,AMZN,-938000000.0,,,,-330000000.0,18989000000.0,,-14925000000.0,-1256000000.0,-17862000000.0,-2928000000.0,,
92,2023-09-30,2820000000.0,-6718000000.0,808000000.0,12131000000.0,666000000.0,5829000000.0,AMZN,-1196000000.0,,,,0.0,21217000000.0,,-12479000000.0,-8948000000.0,-11753000000.0,-1321000000.0,,
93,2023-06-30,3029000000.0,-5167000000.0,-2373000000.0,11589000000.0,3632000000.0,7127000000.0,AMZN,-2744000000.0,,,,-2000000000.0,16476000000.0,,-11455000000.0,-6539000000.0,-9673000000.0,-1938000000.0,,
94,2023-03-31,-11264000000.0,1521000000.0,371000000.0,11123000000.0,5211000000.0,4748000000.0,AMZN,-472000000.0,,,,-1386000000.0,4788000000.0,,-14207000000.0,6354000000.0,-15806000000.0,-5763000000.0,,
95,2022-09-30,-1226000000.0,-4794000000.0,732000000.0,10204000000.0,418000000.0,5556000000.0,AMZN,-825000000.0,,,,0.0,11404000000.0,,-16378000000.0,3016000000.0,-15608000000.0,-20000000.0,,
96,2025-03-31,6700000.0,-295400000.0,-122700000.0,13800000.0,-1411200000.0,93000000.0,ANET,-107100000.0,,700000.0,28100000.0,,641700000.0,,-28400000.0,-793800000.0,-765900000.0,,,
97,2024-09-30,0.0,0.0,0.0,0.0,747938000.0,0.0,ANET,0.0,,0.0,0.0,,0.0,,0.0,0.0,0.0,,,
98,2024-06-30,0.0,0.0,0.0,0.0,665428000.0,0.0,ANET,0.0,,0.0,0.0,,0.0,,0.0,0.0,0.0,,,
99,2024-03-31,-206488000.0,-65472000.0,-80024000.0,3196000.0,639414000.0,77215000.0,ANET,-77822000.0,,-1608000.0,25144000.0,,513805000.0,,-9395000.0,-63050000.0,-295650000.0,,,
100,2023-09-30,0.0,0.0,0.0,0.0,544854000.0,0.0,ANET,0.0,,0.0,0.0,,0.0,,0.0,0.0,0.0,,,
101,2023-06-30,0.0,0.0,0.0,0.0,516628000.0,0.0,ANET,0.0,,0.0,0.0,,0.0,,0.0,0.0,0.0,,,
102,2023-03-31,99490000.0,60221000.0,-392997000.0,16685000.0,781018000.0,62881000.0,ANET,-71153000.0,,314000.0,23096000.0,,374483000.0,,-5631000.0,-68403000.0,-21747000.0,,,
103,2022-09-30,0.0,0.0,0.0,0.0,354707000.0,0.0,ANET,0.0,,0.0,0.0,,0.0,,0.0,0.0,0.0,,,
104,2025-03-31,,,,236300000.0,-2767700000.0,26600000.0,APH,-13900000.0,,16500000.0,,,764900000.0,0.0,-188600000.0,-88600000.0,-2352600000.0,,-180900000.0,
105,2024-09-30,,,,201200000.0,476500000.0,0.0,APH,0.0,,0.0,,,0.0,0.0,0.0,0.0,0.0,,0.0,
106,2024-06-30,,,,123600000.0,-1714900000.0,0.0,APH,0.0,,0.0,,,0.0,0.0,0.0,0.0,0.0,,0.0,
107,2024-03-31,,,,103800000.0,761700000.0,23800000.0,APH,1900000.0,,-24200000.0,,,599500000.0,382100000.0,-94300000.0,-176200000.0,-17000000.0,,-153800000.0,
108,2023-09-30,,,,101000000.0,393200000.0,0.0,APH,0.0,,0.0,,,0.0,0.0,0.0,0.0,0.0,,0.0,
109,2023-06-30,,,,94100000.0,345700000.0,0.0,APH,0.0,,0.0,,,0.0,0.0,0.0,0.0,0.0,,0.0,
110,2023-03-31,,,,96300000.0,-13300000.0,21700000.0,APH,100000.0,,7600000.0,,,532400000.0,18000000.0,-97700000.0,-265400000.0,-256600000.0,,-166900000.0,
111,2022-09-30,,,,102700000.0,381400000.0,0.0,APH,0.0,,0.0,,,0.0,0.0,0.0,0.0,0.0,,0.0,
112,2025-03-31,32545000.0,-167382000.0,,-79887000.0,-682544000.0,61281000.0,APP,,,,200000000.0,,831712000.0,-190387000.0,,-1002217000.0,-22664000.0,,,
113,2024-09-30,0.0,0.0,,-99635000.0,434420000.0,0.0,APP,,,,0.0,,0.0,0.0,,0.0,0.0,,,
114,2024-06-30,0.0,0.0,,-108541000.0,309969000.0,0.0,APP,,,,0.0,,0.0,0.0,,0.0,0.0,,,
115,2024-03-31,18056000.0,-84836000.0,,-112667000.0,-1193057000.0,95253000.0,APP,,,,1072330000.0,,392779000.0,-65816000.0,,-424612000.0,-31635000.0,,,
116,2023-09-30,0.0,0.0,,121797000.0,112939000.0,0.0,APP,,,,0.0,,0.0,0.0,,0.0,0.0,,,
117,2023-06-30,0.0,0.0,,119892000.0,80357000.0,0.0,APP,,,,0.0,,0.0,0.0,,0.0,0.0,,,
118,2023-03-31,9722000.0,65614000.0,,131458000.0,39546000.0,82966000.0,APP,,,,0.0,,288662000.0,165409000.0,,-111415000.0,-12975000.0,,,
119,2022-09-30,0.0,0.0,,163830000.0,23662000.0,0.0,APP,,,,0.0,,0.0,0.0,,0.0,0.0,,,
120,2025-02-02,241000000.0,-539000000.0,-148000000.0,142000000.0,-6428000000.0,1280000000.0,AVGO,,,,3980000000.0,,6113000000.0,,,-5980000000.0,-174000000.0,,,
121,2024-08-04,0.0,0.0,0.0,0.0,-11070000000.0,0.0,AVGO,,,,0.0,,0.0,,,0.0,0.0,,,
122,2024-05-05,0.0,0.0,0.0,0.0,2121000000.0,0.0,AVGO,,,,0.0,,0.0,,,0.0,0.0,,,
123,2024-02-04,-74000000.0,1756000000.0,-14000000.0,139000000.0,-9974000000.0,1582000000.0,AVGO,,,,0.0,,4815000000.0,,,18337000000.0,-25477000000.0,,,
124,2023-07-30,0.0,0.0,0.0,0.0,1596000000.0,0.0,AVGO,,,,0.0,,0.0,,,0.0,0.0,,,
125,2023-04-30,0.0,0.0,0.0,0.0,675000000.0,0.0,AVGO,,,,0.0,,0.0,,,0.0,0.0,,,
126,2023-01-29,-80000000.0,-276000000.0,26000000.0,127000000.0,-19000000.0,391000000.0,AVGO,,,,0.0,,4036000000.0,,,-3702000000.0,-103000000.0,,,
127,2022-07-31,0.0,0.0,0.0,0.0,1574000000.0,0.0,AVGO,,,,0.0,,0.0,,,0.0,0.0,,,
128,2025-03-31,228000000.0,,,433000000.0,16300000000.0,158000000.0,AXP,,-509000000.0,,,-3534000000.0,4764000000.0,11868000000.0,,6643000000.0,451000000.0,,-1208000000.0,
129,2024-09-30,0.0,,,0.0,3863000000.0,0.0,AXP,,0.0,,,0.0,0.0,0.0,,0.0,0.0,,0.0,
130,2024-06-30,0.0,,,0.0,4283000000.0,0.0,AXP,,0.0,,,0.0,0.0,0.0,,0.0,0.0,,0.0,
131,2024-03-31,1412000000.0,,,390000000.0,8633000000.0,176000000.0,AXP,,-452000000.0,,,-1250000000.0,5552000000.0,7617000000.0,,5181000000.0,-3144000000.0,,-1292000000.0,
132,2023-09-30,0.0,,,0.0,3684000000.0,0.0,AXP,,0.0,,,0.0,0.0,0.0,,0.0,0.0,,0.0,
133,2023-06-30,0.0,,,0.0,3372000000.0,0.0,AXP,,0.0,,,0.0,0.0,0.0,,0.0,0.0,,0.0,
134,2023-03-31,-3559000000.0,,,400000000.0,13288000000.0,140000000.0,AXP,,-405000000.0,,,-3003000000.0,0.0,6922000000.0,,8597000000.0,-1404000000.0,,-316000000.0,
135,2022-09-30,0.0,,,0.0,2657000000.0,0.0,AXP,,0.0,,,0.0,0.0,0.0,,0.0,0.0,,0.0,
136,2025-03-31,-95000000.0,-570000000.0,-1521000000.0,466000000.0,-9681000000.0,,BA,,-72000000.0,12000000.0,,,,,,,,,,
137,2024-09-30,0.0,0.0,0.0,0.0,-6239000000.0,,BA,,0.0,0.0,,,,,,,,,,
138,2024-06-30,0.0,0.0,0.0,0.0,-1487000000.0,,BA,,0.0,0.0,,,,,,,,,,
139,2024-03-31,-264000000.0,-328000000.0,-3778000000.0,442000000.0,-14044000000.0,,BA,,0.0,-28000000.0,,,,,,,,,,
140,2023-09-30,0.0,0.0,0.0,0.0,-1643000000.0,,BA,,0.0,0.0,,,,,,,,,,
141,2023-06-30,0.0,0.0,0.0,0.0,-164000000.0,,BA,,0.0,0.0,,,,,,,,,,
142,2023-03-31,231000000.0,-341000000.0,-390000000.0,457000000.0,-12102000000.0,,BA,,0.0,10000000.0,,,,,,,,,,
143,2022-09-30,0.0,0.0,0.0,0.0,-3352000000.0,,BA,,0.0,0.0,,,,,,,,,,
144,2025-03-31,,,,1564000000.0,-7303000000.0,0.0,BAC,-172000000.0,-2552000000.0,1827000000.0,33640000000.0,,-2184000000.0,-16535000000.0,,72832000000.0,-89010000000.0,-8179000000.0,,
145,2024-09-30,,,,0.0,6877000000.0,0.0,BAC,0.0,0.0,0.0,0.0,,0.0,0.0,,0.0,0.0,0.0,,
146,2024-06-30,,,,0.0,6900000000.0,0.0,BAC,0.0,0.0,0.0,0.0,,0.0,0.0,,0.0,0.0,0.0,,
147,2024-03-31,,,,186000000.0,28373000000.0,865000000.0,BAC,-512000000.0,-2519000000.0,-1466000000.0,15662000000.0,,-15539000000.0,-19669000000.0,,68658000000.0,-71322000000.0,6907000000.0,,
148,2023-09-30,,,,0.0,7802000000.0,0.0,BAC,0.0,0.0,0.0,0.0,,0.0,0.0,,0.0,0.0,0.0,,
149,2023-06-30,,,,0.0,7214000000.0,0.0,BAC,0.0,0.0,0.0,0.0,,0.0,0.0,,0.0,0.0,0.0,,
150,2023-03-31,,,,537000000.0,79676000000.0,794000000.0,BAC,-169000000.0,-2352000000.0,348000000.0,0.0,,-11300000000.0,146015000000.0,,126121000000.0,30846000000.0,-7066000000.0,,
151,2022-09-30,,,,0.0,7096000000.0,0.0,BAC,0.0,0.0,0.0,0.0,,0.0,0.0,,0.0,0.0,0.0,,
152,2025-03-31,,-99000000.0,,-208000000.0,-3620000000.0,143000000.0,BKNG,-144000000.0,-319000000.0,222000000.0,,,3283000000.0,0.0,,0.0,0.0,,-2170000000.0,
153,2024-09-30,,0.0,,0.0,2549000000.0,0.0,BKNG,0.0,0.0,0.0,,,0.0,0.0,,0.0,0.0,,0.0,
154,2024-06-30,,0.0,,0.0,1532000000.0,0.0,BKNG,0.0,0.0,0.0,,,0.0,0.0,,0.0,0.0,,0.0,
155,2024-03-31,,-185000000.0,,177000000.0,5957000000.0,144000000.0,BKNG,-35000000.0,-299000000.0,-28000000.0,,,2704000000.0,3529000000.0,,784000000.0,69000000.0,,-1856000000.0,
156,2023-09-30,,0.0,,0.0,2527000000.0,0.0,BKNG,0.0,0.0,0.0,,,0.0,0.0,,0.0,0.0,,0.0,
157,2023-06-30,,0.0,,0.0,1256000000.0,0.0,BKNG,0.0,0.0,0.0,,,0.0,0.0,,0.0,0.0,,0.0,
158,2023-03-31,,158000000.0,,161000000.0,4078000000.0,0.0,BKNG,-340000000.0,0.0,8000000.0,,,2889000000.0,1921000000.0,,-2562000000.0,1586000000.0,,-2150000000.0,
159,2022-09-30,,0.0,,0.0,1330000000.0,0.0,BKNG,0.0,0.0,0.0,,,0.0,0.0,,0.0,0.0,,0.0,
160,2024-06-30,0.0,0.0,,0.0,1537000000.0,0.0,BLK,0.0,0.0,0.0,,0.0,,,0.0,,,,,
161,2024-03-31,196000000.0,-73000000.0,,111000000.0,4963000000.0,176000000.0,BLK,-41000000.0,-795000000.0,-27000000.0,,-1000000000.0,,,-64000000.0,,,,,
162,2023-09-30,0.0,0.0,,0.0,1595000000.0,0.0,BLK,0.0,0.0,0.0,,0.0,,,0.0,,,,,
163,2023-06-30,0.0,0.0,,0.0,1423000000.0,0.0,BLK,0.0,0.0,0.0,,0.0,,,0.0,,,,,
164,2023-03-31,-91000000.0,-270000000.0,,106000000.0,-3411000000.0,165000000.0,BLK,53000000.0,-796000000.0,38000000.0,,0.0,,,-81000000.0,,,,,
165,2022-09-30,0.0,0.0,,0.0,1361000000.0,0.0,BLK,0.0,0.0,0.0,,0.0,,,0.0,,,,,
166,2022-06-30,0.0,0.0,,0.0,963000000.0,0.0,BLK,0.0,0.0,0.0,,0.0,,,0.0,,,,,
167,2022-03-31,48000000.0,-27000000.0,,100000000.0,-4692000000.0,201000000.0,BLK,76000000.0,-786000000.0,-90000000.0,,0.0,,,-147000000.0,,,,,
168,2025-03-31,,,103000000.0,3265000000.0,-14671000000.0,,BRK-B,,,,,,10903000000.0,,,53000000.0,-16401000000.0,,,
169,2024-09-30,,,0.0,0.0,46994000000.0,,BRK-B,,,,,,0.0,,,0.0,0.0,,,
170,2024-06-30,,,0.0,0.0,54355000000.0,,BRK-B,,,,,,0.0,,,0.0,0.0,,,
171,2024-03-31,,,516000000.0,3168000000.0,19323000000.0,,BRK-B,,,,,,10566000000.0,,,-9802000000.0,-3203000000.0,,,
172,2023-09-30,,,0.0,0.0,-42345000000.0,,BRK-B,,,,,,0.0,,,0.0,0.0,,,
173,2023-06-30,,,0.0,0.0,69260000000.0,,BRK-B,,,,,,0.0,,,0.0,0.0,,,
174,2023-03-31,,,-15000000.0,3051000000.0,47402000000.0,,BRK-B,,,,,,8693000000.0,,,-9922000000.0,-7919000000.0,,,
175,2022-09-30,,,0.0,0.0,-16088000000.0,,BRK-B,,,,,,0.0,,,0.0,0.0,,,
176,2025-03-31,-385000000.0,-107000000.0,-109000000.0,325000000.0,1079000000.0,74000000.0,BSX,,0.0,,115000000.0,,,,,,,,,
177,2024-09-30,0.0,0.0,0.0,0.0,445000000.0,0.0,BSX,,0.0,,0.0,,,,,,,,,
178,2024-06-30,0.0,0.0,0.0,0.0,324000000.0,0.0,BSX,,0.0,,0.0,,,,,,,,,
179,2024-03-31,-450000000.0,-114000000.0,-124000000.0,304000000.0,4699000000.0,63000000.0,BSX,,0.0,,80000000.0,,,,,,,,,
180,2023-09-30,0.0,0.0,0.0,0.0,516000000.0,0.0,BSX,,0.0,,0.0,,,,,,,,,
181,2023-06-30,0.0,0.0,0.0,0.0,289000000.0,0.0,BSX,,0.0,,0.0,,,,,,,,,
182,2023-03-31,-211000000.0,-86000000.0,-185000000.0,285000000.0,-918000000.0,55000000.0,BSX,,-14000000.0,,63000000.0,,,,,,,,,
183,2022-09-30,0.0,0.0,0.0,0.0,14000000.0,0.0,BSX,,0.0,,0.0,,,,,,,,,
184,"('2025-03-31', 1430763000.0, -252572000.0)",100481000.0,-38821000.0,,9000000.0,3004832000.0,,BX,,-1858537000.0,4570000.0,,,1109218000.0,,,139235000.0,-29278000.0,,,
185,"('2024-09-30', 0.0, 0.0)",0.0,0.0,,9000000.0,1828837000.0,,BX,,0.0,0.0,,,0.0,,,0.0,0.0,,,
186,"('2024-06-30', 0.0, 0.0)",0.0,0.0,,9000000.0,1249363000.0,,BX,,0.0,0.0,,,0.0,,,0.0,0.0,,,
187,"('2024-03-31', 165253000.0, -258400000.0)",308133000.0,-18097000.0,,9000000.0,-1474368000.0,,BX,,-1176535000.0,-5962000.0,,,939846000.0,,,-1516009000.0,-17756000.0,,,
188,"('2023-09-30', 0.0, 0.0)",0.0,0.0,,9000000.0,1180742000.0,,BX,,0.0,0.0,,,0.0,,,0.0,0.0,,,
189,"('2023-06-30', 0.0, 0.0)",0.0,0.0,,9100000.0,1464107000.0,,BX,,0.0,0.0,,,0.0,,,0.0,0.0,,,
190,"('2023-03-31', 173657000.0, -215124000.0)",233965000.0,-470691000.0,,13000000.0,-1797218000.0,,BX,,-1137340000.0,1284000.0,,,352728000.0,,,-1751464000.0,-74970000.0,,,
191,"('2022-09-30', 0.0, 0.0)",0.0,0.0,,14900000.0,210300000.0,,BX,,0.0,0.0,,,0.0,,,0.0,0.0,,,
192,2025-03-31,,,,1050000000.0,54394000000.0,,C,-8000000.0,-1323000000.0,4514000000.0,,,-58708000000.0,,-1517000000.0,184976000000.0,-98983000000.0,,,
193,2024-09-30,,,,0.0,2537000000.0,,C,0.0,0.0,0.0,,,0.0,,0.0,0.0,0.0,,,
194,2024-06-30,,,,0.0,3217000000.0,,C,0.0,0.0,0.0,,,0.0,,0.0,0.0,0.0,,,
195,2024-03-31,,,,1110000000.0,51755000000.0,,C,-348000000.0,-1291000000.0,-4566000000.0,,,-10831000000.0,,-1607000000.0,12351000000.0,14844000000.0,,,
196,2023-09-30,,,,0.0,3548000000.0,,C,0.0,0.0,0.0,,,0.0,,0.0,0.0,0.0,,,
197,2023-06-30,,,,0.0,2914000000.0,,C,0.0,0.0,0.0,,,0.0,,0.0,0.0,0.0,,,
198,2023-03-31,,,,1111000000.0,-49245000000.0,,C,-28000000.0,-1267000000.0,-274000000.0,,,-30485000000.0,,-1634000000.0,15766000000.0,-3073000000.0,,,
199,2022-09-30,,,,0.0,3473000000.0,,C,0.0,0.0,0.0,,,0.0,,0.0,0.0,0.0,,,
200,2025-03-31,401000000.0,,-990000000.0,540000000.0,-6653000000.0,,CAT,-38000000.0,-674000000.0,54000000.0,,,,,-710000000.0,,0.0,-198000000.0,,
201,2024-09-30,0.0,,0.0,543000000.0,2463000000.0,,CAT,0.0,0.0,0.0,,,,,0.0,,0.0,0.0,,
202,2024-06-30,0.0,,0.0,531000000.0,1681000000.0,,CAT,0.0,0.0,0.0,,,,,0.0,,0.0,0.0,,
203,2024-03-31,203000000.0,,-439000000.0,524000000.0,-3420000000.0,,CAT,-54000000.0,-648000000.0,-30000000.0,,,,,-500000000.0,,0.0,-38000000.0,,
204,2023-09-30,0.0,,0.0,525000000.0,2793000000.0,,CAT,0.0,0.0,0.0,,,,,0.0,,0.0,0.0,,
205,2023-06-30,0.0,,0.0,542000000.0,2924000000.0,,CAT,0.0,0.0,0.0,,,,,0.0,,0.0,0.0,,
206,2023-03-31,477000000.0,,-1403000000.0,532000000.0,497000000.0,,CAT,-191000000.0,-620000000.0,-1000000.0,,,,,0.0,,-683000000.0,38000000.0,,
207,2022-09-30,0.0,,0.0,551000000.0,2040000000.0,,CAT,0.0,0.0,0.0,,,,,0.0,,0.0,0.0,,
208,2025-03-31,-567000000.0,,,-25000000.0,-666000000.0,98000000.0,CB,-198000000.0,-366000000.0,,810000000.0,-1247000000.0,1566000000.0,-299000000.0,,,,,,
209,2024-09-30,0.0,,,0.0,311000000.0,0.0,CB,0.0,0.0,,0.0,0.0,0.0,0.0,,,,,,
210,2024-06-30,0.0,,,0.0,169000000.0,0.0,CB,0.0,0.0,,0.0,0.0,0.0,0.0,,,,,,
211,2024-03-31,-267000000.0,,,0.0,-5100000000.0,163000000.0,CB,-24000000.0,-349000000.0,,2058000000.0,-984000000.0,3220000000.0,0.0,,,,,,
212,2023-09-30,0.0,,,0.0,1905000000.0,0.0,CB,0.0,0.0,,0.0,0.0,0.0,0.0,,,,,,
213,2023-06-30,0.0,,,0.0,-191000000.0,0.0,CB,0.0,0.0,,0.0,0.0,0.0,0.0,,,,,,
214,2023-03-31,-390000000.0,,,58000000.0,-1962000000.0,55000000.0,CB,9000000.0,-345000000.0,,1308000000.0,-1782000000.0,2251000000.0,255000000.0,,,,,,
215,2022-09-30,0.0,,,0.0,-98000000.0,0.0,CB,0.0,0.0,,0.0,0.0,0.0,0.0,,,,,,
216,"('2025-03-31', 0.0)",-290000000.0,-15000000.0,98000000.0,542000000.0,-2950000000.0,,CEG,,-122000000.0,,,,,,-806000000.0,,,,,
217,"('2024-09-30', 0.0)",0.0,0.0,0.0,0.0,796000000.0,,CEG,,0.0,,,,,,0.0,,,,,
218,"('2024-06-30', 0.0)",0.0,0.0,0.0,0.0,220000000.0,,CEG,,0.0,,,,,,0.0,,,,,
219,"('2024-03-31', 0.0)",-382000000.0,464000000.0,114000000.0,703000000.0,2454000000.0,,CEG,,-112000000.0,,,,,,-738000000.0,,,,,
220,"('2023-09-30', 0.0)",0.0,0.0,0.0,0.0,553000000.0,,CEG,,0.0,,,,,,0.0,,,,,
221,"('2023-06-30', 0.0)",0.0,0.0,0.0,0.0,828000000.0,,CEG,,0.0,,,,,,0.0,,,,,
222,"('2023-03-31', 0.0)",-1516000000.0,513000000.0,168000000.0,572000000.0,1444000000.0,,CEG,,-93000000.0,,,,,,-660000000.0,,,,,
223,"('2022-09-30', 0.0)",0.0,0.0,0.0,0.0,329000000.0,,CEG,,0.0,,,,,,0.0,,,,,
224,2025-03-31,-35000000.0,,,3849000000.0,639000000.0,382000000.0,CMCSA,-43000000.0,-1224000000.0,,,,8294000000.0,,-2252000000.0,-4075000000.0,-2958000000.0,,,
225,2024-09-30,0.0,,,0.0,3576000000.0,0.0,CMCSA,0.0,0.0,,,,0.0,,0.0,0.0,0.0,,,
226,2024-06-30,0.0,,,0.0,3839000000.0,0.0,CMCSA,0.0,0.0,,,,0.0,,0.0,0.0,0.0,,,
227,2024-03-31,-446000000.0,,,3551000000.0,61000000.0,373000000.0,CMCSA,-17000000.0,-1193000000.0,,,,7848000000.0,,-2630000000.0,-4023000000.0,-3511000000.0,,,
228,2023-09-30,0.0,,,0.0,3997000000.0,0.0,CMCSA,0.0,0.0,,,,0.0,,0.0,0.0,0.0,,,
229,2023-06-30,0.0,,,0.0,4189000000.0,0.0,CMCSA,0.0,0.0,,,,0.0,,0.0,0.0,0.0,,,
230,2023-03-31,-651000000.0,,,3777000000.0,1718000000.0,359000000.0,CMCSA,82000000.0,-1174000000.0,,,,7228000000.0,,-2664000000.0,-3082000000.0,-3370000000.0,,,
231,2022-09-30,0.0,,,3333000000.0,-14017000000.0,0.0,CMCSA,0.0,0.0,,,,0.0,,-2791000000.0,0.0,0.0,,,
232,2025-03-31,20300000.0,-196800000.0,,82500000.0,19703200000.0,21200000.0,CME,-7400000.0,,,,-750000000.0,1116600000.0,,,19211400000.0,-16000000.0,,,
233,2024-09-30,0.0,0.0,,83900000.0,912800000.0,0.0,CME,0.0,,,,0.0,0.0,,,0.0,0.0,,,
234,2024-06-30,0.0,0.0,,84200000.0,883200000.0,0.0,CME,0.0,,,,0.0,0.0,,,0.0,0.0,,,
235,2024-03-31,20500000.0,-93400000.0,,85300000.0,1455200000.0,23300000.0,CME,-7400000.0,,,,0.0,892700000.0,,,1936400000.0,-22800000.0,,,
236,2023-09-30,0.0,0.0,,88300000.0,750200000.0,0.0,CME,0.0,,,,0.0,0.0,,,0.0,0.0,,,
237,2023-06-30,0.0,0.0,,89300000.0,777600000.0,0.0,CME,0.0,,,,0.0,0.0,,,0.0,0.0,,,
238,2023-03-31,-24200000.0,-241200000.0,,88700000.0,-18445300000.0,20200000.0,CME,-8700000.0,,,,0.0,902400000.0,,,0.0,-17200000.0,,,
239,2022-09-30,0.0,0.0,,90000000.0,679600000.0,0.0,CME,0.0,,,,0.0,0.0,,,0.0,0.0,,,
240,2025-03-31,,,,812000000.0,10936000000.0,177000000.0,COF,,-57000000.0,,,,4667000000.0,,,0.0,845000000.0,,,
241,2024-09-30,,,,0.0,1282000000.0,0.0,COF,,0.0,,,,0.0,,,0.0,0.0,,,
242,2024-06-30,,,,0.0,-2715000000.0,0.0,COF,,0.0,,,,0.0,,,0.0,0.0,,,
243,2024-03-31,,,,806000000.0,10708000000.0,193000000.0,COF,,-57000000.0,,,,3010000000.0,,,3062000000.0,1675000000.0,,,
244,2023-09-30,,,,0.0,1296000000.0,0.0,COF,,0.0,,,,0.0,,,0.0,0.0,,,
245,2023-06-30,,,,0.0,372000000.0,0.0,COF,,0.0,,,,0.0,,,0.0,0.0,,,
246,2023-03-31,,,,1251000000.0,41006000000.0,154000000.0,COF,,-57000000.0,,,,2992000000.0,,,0.0,-2994000000.0,,,
247,2022-09-30,,,,0.0,2049000000.0,0.0,COF,,0.0,,,,0.0,,,0.0,0.0,,,
248,2025-03-31,518000000.0,280000000.0,-160000000.0,2746000000.0,4443000000.0,,COP,,-998000000.0,83000000.0,,-547000000.0,6115000000.0,,,-3137000000.0,-2346000000.0,,-1500000000.0,
249,2024-09-30,0.0,0.0,0.0,2390000000.0,82000000.0,,COP,,0.0,0.0,,0.0,0.0,,,0.0,0.0,,0.0,
250,2024-06-30,0.0,0.0,0.0,2334000000.0,119000000.0,,COP,,0.0,0.0,,0.0,0.0,,,0.0,0.0,,0.0,
251,2024-03-31,-85000000.0,-76000000.0,19000000.0,2211000000.0,2655000000.0,,COP,,-924000000.0,-73000000.0,,-505000000.0,4985000000.0,,,-2825000000.0,-2141000000.0,,-1325000000.0,
252,2023-09-30,0.0,0.0,0.0,2095000000.0,-29000000.0,,COP,,0.0,0.0,,0.0,0.0,,,0.0,0.0,,0.0,
253,2023-06-30,0.0,0.0,0.0,2010000000.0,69000000.0,,COP,,0.0,0.0,,0.0,0.0,,,0.0,0.0,,0.0,
254,2023-03-31,-1266000000.0,1701000000.0,-45000000.0,1942000000.0,2591000000.0,,COP,,-1488000000.0,-104000000.0,,-43000000.0,5403000000.0,,,-3326000000.0,-1448000000.0,,-1700000000.0,
255,2022-09-30,0.0,0.0,0.0,1872000000.0,102000000.0,,COP,,0.0,0.0,,0.0,0.0,,,0.0,0.0,,0.0,
256,2025-05-11,0.0,,0.0,0.0,1903000000.0,106000000.0,COST,,,0.0,0.0,,0.0,,0.0,0.0,0.0,,,
257,2025-02-16,0.0,,0.0,0.0,1788000000.0,151000000.0,COST,,,0.0,0.0,,0.0,,0.0,0.0,0.0,,,
258,2024-11-24,2601000000.0,,-2541000000.0,548000000.0,1511000000.0,463000000.0,COST,,,-81000000.0,0.0,,3260000000.0,,204000000.0,-1193000000.0,-985000000.0,,,
259,2024-05-12,0.0,,0.0,0.0,1681000000.0,106000000.0,COST,,,0.0,0.0,,0.0,,0.0,0.0,0.0,,,
260,2024-02-18,0.0,,0.0,0.0,1743000000.0,136000000.0,COST,,,0.0,0.0,,0.0,,0.0,0.0,0.0,,,
261,2023-11-26,2854000000.0,,-1384000000.0,501000000.0,3901000000.0,444000000.0,COST,,,0.0,498000000.0,,4651000000.0,,0.0,-974000000.0,-366000000.0,,,
262,2023-05-07,0.0,,0.0,0.0,1302000000.0,94000000.0,COST,,,0.0,0.0,,0.0,,0.0,0.0,0.0,,,
263,2023-02-12,0.0,,0.0,0.0,1466000000.0,147000000.0,COST,,,0.0,0.0,,0.0,,0.0,0.0,0.0,,,
264,2025-04-30,-1007000000.0,7591000000.0,,1388000000.0,-6252000000.0,814000000.0,CRM,,,91000000.0,0.0,,6476000000.0,2080000000.0,-179000000.0,-2920000000.0,-1567000000.0,,,
265,2024-10-31,32000000.0,655000000.0,,1339000000.0,-1827000000.0,820000000.0,CRM,,,-5000000.0,0.0,,1983000000.0,315000000.0,-204000000.0,-1446000000.0,-217000000.0,,,
266,2024-07-31,220000000.0,-1136000000.0,,1433000000.0,-2193000000.0,810000000.0,CRM,,,-7000000.0,0.0,,892000000.0,-2276000000.0,-137000000.0,-5802000000.0,2641000000.0,,,
267,2024-04-30,-755000000.0,7162000000.0,,1396000000.0,-6458000000.0,750000000.0,CRM,,,-2000000.0,0.0,,6247000000.0,1486000000.0,-163000000.0,-2108000000.0,-2651000000.0,,,
268,2023-10-31,172000000.0,550000000.0,,1344000000.0,-2238000000.0,693000000.0,CRM,,,-32000000.0,0.0,,1532000000.0,-319000000.0,-166000000.0,-1765000000.0,-54000000.0,,,
269,2023-07-31,-376000000.0,-768000000.0,,1366000000.0,-2668000000.0,724000000.0,CRM,,,11000000.0,0.0,,808000000.0,-2383000000.0,-180000000.0,-2050000000.0,-1152000000.0,,,
270,2023-04-30,-1403000000.0,6123000000.0,,1724000000.0,-4614000000.0,696000000.0,CRM,,,17000000.0,0.0,,4491000000.0,2139000000.0,-243000000.0,-2716000000.0,347000000.0,,,
271,2022-10-31,-309000000.0,471000000.0,,1364000000.0,-2423000000.0,843000000.0,CRM,,,-23000000.0,0.0,,313000000.0,-855000000.0,-198000000.0,-1678000000.0,533000000.0,,,
272,2025-04-30,-83228000.0,319871000.0,,7600000.0,184209000.0,253604000.0,CRWD,-1681000.0,,,0.0,,384107000.0,,-85751000.0,2134000.0,-101830000.0,-43763000.0,,
273,2024-10-31,0.0,0.0,,6300000.0,-16819000.0,0.0,CRWD,0.0,,,0.0,,0.0,,0.0,0.0,0.0,0.0,,
274,2024-07-31,0.0,0.0,,6300000.0,46690000.0,0.0,CRWD,0.0,,,0.0,,0.0,,0.0,0.0,0.0,0.0,,
275,2024-04-30,276000.0,150249000.0,,6000000.0,296667000.0,183125000.0,CRWD,-255000.0,,,0.0,,383228000.0,,-49683000.0,0.0,0.0,-16629000.0,,
276,2023-10-31,0.0,0.0,,4600000.0,26669000.0,0.0,CRWD,0.0,,,0.0,,0.0,,0.0,0.0,0.0,0.0,,
277,2023-07-31,0.0,0.0,,4100000.0,8476000.0,0.0,CRWD,0.0,,,0.0,,0.0,,0.0,0.0,0.0,0.0,,
278,2023-04-30,-18596000.0,165089000.0,,4200000.0,557676000.0,130856000.0,CRWD,-255000.0,,,2651000.0,,300892000.0,,-62264000.0,7908000.0,66031000.0,-36076000.0,,
279,2022-10-31,0.0,0.0,,4100000.0,-54631000.0,0.0,CRWD,0.0,,,0.0,,0.0,,0.0,0.0,0.0,0.0,,
280,2025-04-26,0.0,0.0,0.0,,2491000000.0,0.0,CSCO,0.0,0.0,,,,0.0,,,0.0,0.0,,,
281,2025-01-25,0.0,0.0,0.0,,2428000000.0,0.0,CSCO,0.0,0.0,,,,0.0,,,0.0,0.0,,,
282,2024-10-26,-269000000.0,2227000000.0,229000000.0,,1957000000.0,827000000.0,CSCO,-281000000.0,-1592000000.0,,,,3661000000.0,,,-2784000000.0,479000000.0,,,
283,2024-04-27,0.0,0.0,0.0,,1886000000.0,0.0,CSCO,0.0,0.0,,,,0.0,,,0.0,0.0,,,
284,2024-01-27,0.0,0.0,0.0,,2634000000.0,0.0,CSCO,0.0,0.0,,,,0.0,,,0.0,0.0,,,
285,2023-10-28,-235000000.0,979000000.0,307000000.0,,2991000000.0,661000000.0,CSCO,-513000000.0,-1580000000.0,,,,2371000000.0,,,-3800000000.0,952000000.0,,,
286,2023-04-29,0.0,0.0,0.0,,3212000000.0,0.0,CSCO,0.0,0.0,,,,0.0,,,0.0,0.0,,,
287,2023-01-28,0.0,0.0,0.0,,2773000000.0,0.0,CSCO,0.0,0.0,,,,0.0,,,0.0,0.0,,,
288,2025-03-31,,,-40000000.0,4123000000.0,-15777000000.0,,CVX,480000000.0,,-3000000.0,5491000000.0,-61000000.0,5189000000.0,,-3927000000.0,,,,,
289,2024-09-30,,,0.0,4214000000.0,4496000000.0,,CVX,0.0,,0.0,0.0,0.0,0.0,,0.0,,,,,
290,2024-06-30,,,0.0,4004000000.0,4443000000.0,,CVX,0.0,,0.0,0.0,0.0,0.0,,0.0,,,,,
291,2024-03-31,,,27000000.0,4091000000.0,-10345000000.0,,CVX,688000000.0,,-72000000.0,203000000.0,-1012000000.0,6828000000.0,,-4089000000.0,,,,,
292,2023-09-30,,,0.0,4025000000.0,6555000000.0,,CVX,0.0,,0.0,0.0,0.0,0.0,,0.0,,,,,
293,2023-06-30,,,0.0,3521000000.0,6008000000.0,,CVX,0.0,,0.0,0.0,0.0,0.0,,0.0,,,,,
294,2023-03-31,,,36000000.0,3526000000.0,-11756000000.0,,CVX,790000000.0,,-47000000.0,0.0,-13000000.0,7205000000.0,,-3038000000.0,,,,,
295,2022-09-30,,,0.0,4201000000.0,11238000000.0,,CVX,0.0,,0.0,0.0,0.0,0.0,,0.0,,,,,
296,2025-04-27,0.0,,0.0,0.0,1801000000.0,0.0,DE,0.0,0.0,0.0,,0.0,,,0.0,,0.0,,,0.0
297,2025-01-26,-1845000000.0,,-795000000.0,549000000.0,-301000000.0,28000000.0,DE,208000000.0,-403000000.0,-87000000.0,,0.0,,,-352000000.0,,1416000000.0,,,0.0
298,2024-07-28,0.0,,0.0,0.0,1784000000.0,0.0,DE,0.0,0.0,0.0,,0.0,,,0.0,,0.0,,,0.0
299,2024-04-28,0.0,,0.0,0.0,2368000000.0,0.0,DE,0.0,0.0,0.0,,0.0,,,0.0,,0.0,,,0.0
300,2024-01-28,-2327000000.0,,-723000000.0,520000000.0,-5596000000.0,46000000.0,DE,27000000.0,-386000000.0,16000000.0,,0.0,,,-362000000.0,,1217000000.0,,,0.0
301,2023-07-30,0.0,,0.0,0.0,2972000000.0,0.0,DE,0.0,0.0,0.0,,0.0,,,0.0,,0.0,,,0.0
302,2023-04-30,0.0,,0.0,0.0,2859000000.0,0.0,DE,0.0,0.0,0.0,,0.0,,,0.0,,0.0,,,0.0
303,2023-01-29,-1577000000.0,,-1279000000.0,494000000.0,948000000.0,23000000.0,DE,-56000000.0,-341000000.0,62000000.0,,-1925000000.0,,,-315000000.0,,760000000.0,,,21000000.0
304,2025-03-28,-61000000.0,89000000.0,-166000000.0,-591000000.0,-559000000.0,61000000.0,DHR,,,113000000.0,,,1299000000.0,,-245000000.0,,,-233000000.0,-1078000000.0,
305,2024-09-27,0.0,0.0,0.0,0.0,1961000000.0,0.0,DHR,,,0.0,,,0.0,,0.0,,,0.0,0.0,
306,2024-06-28,0.0,0.0,0.0,0.0,1755000000.0,0.0,DHR,,,0.0,,,0.0,,0.0,,,0.0,0.0,
307,2024-03-29,-74000000.0,516000000.0,-118000000.0,586000000.0,4672000000.0,60000000.0,DHR,,,-118000000.0,,,1739000000.0,,-291000000.0,,,-360000000.0,0.0,
308,2023-09-29,0.0,0.0,0.0,0.0,1081000000.0,0.0,DHR,,,0.0,,,0.0,,0.0,,,0.0,0.0,
309,2023-06-30,0.0,0.0,0.0,0.0,1074000000.0,0.0,DHR,,,0.0,,,0.0,,0.0,,,0.0,0.0,
310,2023-03-31,-228000000.0,631000000.0,-257000000.0,557000000.0,2373000000.0,79000000.0,DHR,,,3000000.0,,,1947000000.0,,-275000000.0,,,-293000000.0,0.0,
311,2022-09-30,0.0,0.0,0.0,0.0,3144000000.0,0.0,DHR,,,0.0,,,0.0,,0.0,,,0.0,0.0,
312,2025-03-29,0.0,,0.0,1324000000.0,3437000000.0,,DIS,0.0,,,,,0.0,,,,,,,
313,2024-12-28,-1533000000.0,,4000000.0,1276000000.0,-4297000000.0,,DIS,25000000.0,,,,,3205000000.0,,,,,,,
314,2024-06-29,0.0,,0.0,1220000000.0,2696000000.0,,DIS,0.0,,,,,0.0,,,,,,,
315,2024-03-30,0.0,,0.0,1242000000.0,1376000000.0,,DIS,0.0,,,,,0.0,,,,,,,
316,2023-12-30,-1396000000.0,,8000000.0,1243000000.0,-23021000000.0,,DIS,-51000000.0,,,,,2185000000.0,,,,,,,
317,2023-07-01,0.0,,0.0,1344000000.0,2658000000.0,,DIS,0.0,,,,,0.0,,,,,,,
318,2023-04-01,0.0,,0.0,1310000000.0,1324000000.0,,DIS,0.0,,,,,0.0,,,,,,,
319,2022-12-31,-2378000000.0,,-88000000.0,1306000000.0,-8082000000.0,,DIS,-15000000.0,,,,,0.0,,,,,,,
320,2025-03-31,,,,1408000000.0,-2358000000.0,,ENB,304000000.0,,,,,3053000000.0,,-1723000000.0,-950000000.0,-1789000000.0,,,
321,2024-09-30,,,,-1317000000.0,1333000000.0,,ENB,0.0,,,,,0.0,,0.0,0.0,0.0,,,
322,2024-06-30,,,,-1273000000.0,3322000000.0,,ENB,0.0,,,,,0.0,,0.0,0.0,0.0,,,
323,2024-03-31,,,,-1193000000.0,-14457000000.0,,ENB,134000000.0,,,,,3151000000.0,,-1185000000.0,-120000000.0,-7792000000.0,,,
324,2023-09-30,,,,-1164000000.0,1488000000.0,,ENB,0.0,,,,,0.0,,0.0,0.0,0.0,,,
325,2023-06-30,,,,-1137000000.0,1386000000.0,,ENB,0.0,,,,,0.0,,0.0,0.0,0.0,,,
326,2023-03-31,,,,-1146000000.0,-997000000.0,,ENB,484000000.0,,,,,3866000000.0,,-1129000000.0,-2289000000.0,-1437000000.0,,,
327,2022-09-30,,,,-1076000000.0,3735000000.0,,ENB,0.0,,,,,0.0,,0.0,0.0,0.0,,,
328,2025-03-31,,,,232000000.0,3407000000.0,,ETN,25000000.0,-397000000.0,,,,238000000.0,,-147000000.0,-244000000.0,1233000000.0,,-615000000.0,
329,2024-09-30,,,,0.0,1011000000.0,,ETN,0.0,0.0,,,,0.0,,0.0,0.0,0.0,,0.0,
330,2024-06-30,,,,0.0,994000000.0,,ETN,0.0,0.0,,,,0.0,,0.0,0.0,0.0,,0.0,
331,2024-03-31,,,,225000000.0,439000000.0,,ETN,32000000.0,-368000000.0,,,,475000000.0,,-183000000.0,-536000000.0,33000000.0,,-138000000.0,
332,2023-09-30,,,,0.0,892000000.0,,ETN,0.0,0.0,,,,0.0,,0.0,0.0,0.0,,0.0,
333,2023-06-30,,,,0.0,745000000.0,,ETN,0.0,0.0,,,,0.0,,0.0,0.0,0.0,,0.0,
334,2023-03-31,,,,238000000.0,135000000.0,,ETN,17000000.0,-334000000.0,,,,335000000.0,,-126000000.0,-281000000.0,-124000000.0,,0.0,
335,2022-09-30,,,,0.0,608000000.0,,ETN,0.0,0.0,,,,0.0,,0.0,0.0,0.0,,0.0,
336,2025-03-31,706000000.0,,-1050000000.0,299000000.0,-4261000000.0,,GE,,-302000000.0,,,,,,-208000000.0,,,,,
337,2024-09-30,0.0,,0.0,89000000.0,2378000000.0,,GE,,0.0,,,,,,0.0,,,,,
338,2024-06-30,0.0,,0.0,83000000.0,692000000.0,,GE,,0.0,,,,,,0.0,,,,,
339,2024-03-31,111000000.0,,-981000000.0,523000000.0,8352000000.0,,GE,,-86000000.0,,,,,,-421000000.0,,,,,
340,2023-09-30,0.0,,0.0,149000000.0,-739000000.0,,GE,,0.0,,,,,,0.0,,,,,
341,2023-06-30,0.0,,0.0,160000000.0,-955000000.0,,GE,,0.0,,,,,,0.0,,,,,
342,2023-03-31,-201000000.0,,-739000000.0,507000000.0,-1793000000.0,,GE,,-203000000.0,,,,,,-279000000.0,,,,,
343,2022-09-30,0.0,,0.0,237000000.0,-504000000.0,,GE,,0.0,,,,,,0.0,,,,,
344,2025-03-31,-105000000.0,79000000.0,-223000000.0,696000000.0,-4858000000.0,209000000.0,GILD,-199000000.0,,19000000.0,252000000.0,,1757000000.0,,0.0,-3426000000.0,-415000000.0,,,
345,2024-09-30,0.0,0.0,0.0,0.0,3558000000.0,0.0,GILD,0.0,,0.0,0.0,,0.0,,0.0,0.0,0.0,,,
346,2024-06-30,0.0,0.0,0.0,0.0,1652000000.0,0.0,GILD,0.0,,0.0,0.0,,0.0,,0.0,0.0,0.0,,,
347,2024-03-31,72000000.0,-66000000.0,-45000000.0,690000000.0,-3023000000.0,187000000.0,GILD,-723000000.0,,-18000000.0,146000000.0,,2219000000.0,,-105000000.0,-1361000000.0,-2207000000.0,,,
348,2023-09-30,0.0,0.0,0.0,0.0,2263000000.0,0.0,GILD,0.0,,0.0,0.0,,0.0,,0.0,0.0,0.0,,,
349,2023-06-30,0.0,0.0,0.0,0.0,1275000000.0,0.0,GILD,0.0,,0.0,0.0,,0.0,,0.0,0.0,0.0,,,
350,2023-03-31,-272000000.0,635000000.0,-227000000.0,640000000.0,-1648000000.0,165000000.0,GILD,-303000000.0,,13000000.0,97000000.0,,1744000000.0,,-109000000.0,-1406000000.0,-826000000.0,,,
351,2022-09-30,0.0,0.0,0.0,0.0,2234000000.0,0.0,GILD,0.0,,0.0,0.0,,0.0,,0.0,0.0,0.0,,,
352,"('2025-03-31', 400000000.0)",-880000000.0,1638000000.0,,4487000000.0,10790000000.0,5516000000.0,GOOGL,-1152000000.0,,43000000.0,4532000000.0,,36150000000.0,-202000000.0,-17197000000.0,-20201000000.0,-16194000000.0,-5045000000.0,,
353,"('2024-09-30', 0.0)",0.0,0.0,,0.0,26301000000.0,0.0,GOOGL,0.0,,0.0,0.0,,0.0,0.0,0.0,0.0,0.0,0.0,,
354,"('2024-06-30', 0.0)",0.0,0.0,,0.0,23619000000.0,0.0,GOOGL,0.0,,0.0,0.0,,0.0,0.0,0.0,0.0,0.0,0.0,,
355,"('2024-03-31', 8000000.0)",-2124000000.0,3167000000.0,,3413000000.0,8819000000.0,5264000000.0,GOOGL,419000000.0,,-125000000.0,1982000000.0,,28848000000.0,445000000.0,-12012000000.0,-19714000000.0,-8564000000.0,-5054000000.0,,
356,"('2023-09-30', 0.0)",0.0,0.0,,0.0,19689000000.0,0.0,GOOGL,0.0,,0.0,0.0,,0.0,0.0,0.0,0.0,0.0,0.0,,
357,"('2023-06-30', 0.0)",0.0,0.0,,0.0,18368000000.0,17000000.0,GOOGL,0.0,,0.0,0.0,,0.0,0.0,0.0,0.0,0.0,0.0,,
358,"('2023-03-31', 3000000.0)",-1105000000.0,4454000000.0,,0.0,518000000.0,5284000000.0,GOOGL,-1854000000.0,,50000000.0,6927000000.0,,23509000000.0,4045000000.0,-6289000000.0,-16568000000.0,-2946000000.0,-4496000000.0,,
359,"('2022-09-30', 0.0)",0.0,0.0,,0.0,13910000000.0,0.0,GOOGL,0.0,,0.0,0.0,,0.0,0.0,0.0,0.0,0.0,0.0,,
360,2025-03-31,,,,506000000.0,11299000000.0,2417000000.0,GS,154000000.0,-1115000000.0,2467000000.0,30949000000.0,-17140000000.0,,-14684000000.0,,42826000000.0,,,,
361,2024-09-30,,,,621000000.0,3387000000.0,0.0,GS,0.0,0.0,0.0,0.0,0.0,,0.0,,0.0,,,,
362,2024-06-30,,,,646000000.0,3325000000.0,0.0,GS,0.0,0.0,0.0,0.0,0.0,,0.0,,0.0,,,,
363,2024-03-31,,,,627000000.0,-38201000000.0,1844000000.0,GS,60000000.0,-1123000000.0,-3345000000.0,15536000000.0,-23733000000.0,,-32192000000.0,,0.0,,,,
364,2023-09-30,,,,1512000000.0,2065000000.0,0.0,GS,0.0,0.0,0.0,0.0,0.0,,0.0,,0.0,,,,
365,2023-06-30,,,,1594000000.0,1831000000.0,0.0,GS,0.0,0.0,0.0,0.0,0.0,,0.0,,0.0,,,,
366,2023-03-31,,,,970000000.0,-30070000000.0,1541000000.0,GS,0.0,-1013000000.0,620000000.0,0.0,0.0,,0.0,,0.0,,,,
367,2022-09-30,,,,666000000.0,3584000000.0,0.0,GS,0.0,0.0,0.0,0.0,0.0,,0.0,,0.0,,,,
368,2025-05-04,2626000000.0,,-2203000000.0,994000000.0,1350000000.0,170000000.0,HD,-3000000.0,,72000000.0,,-1106000000.0,4325000000.0,,-806000000.0,-3756000000.0,-931000000.0,,,
369,2024-10-27,0.0,,0.0,138000000.0,3648000000.0,0.0,HD,0.0,,0.0,,0.0,0.0,,0.0,0.0,0.0,,,
370,2024-07-28,0.0,,0.0,90000000.0,4561000000.0,0.0,HD,0.0,,0.0,,0.0,0.0,,0.0,0.0,0.0,,,
371,2024-04-28,2511000000.0,,-1452000000.0,837000000.0,1828000000.0,124000000.0,HD,83000000.0,,-17000000.0,,-1172000000.0,5497000000.0,,-847000000.0,-4146000000.0,-830000000.0,,,
372,2023-10-29,0.0,,0.0,0.0,3810000000.0,0.0,HD,0.0,,0.0,,0.0,0.0,,0.0,0.0,0.0,,,
373,2023-07-30,0.0,,0.0,0.0,4659000000.0,0.0,HD,0.0,,0.0,,0.0,0.0,,0.0,0.0,0.0,,,
374,2023-04-30,1158000000.0,,-457000000.0,793000000.0,-1764000000.0,124000000.0,HD,-59000000.0,,-20000000.0,,-1063000000.0,5614000000.0,,-905000000.0,-6188000000.0,-903000000.0,,,
375,2022-10-30,0.0,,0.0,0.0,4339000000.0,0.0,HD,0.0,,0.0,,0.0,0.0,,0.0,0.0,0.0,,,
376,2025-03-31,-149000000.0,-424000000.0,-181000000.0,374000000.0,-6602000000.0,,HON,-19000000.0,-732000000.0,,4901000000.0,-44000000.0,597000000.0,0.0,-251000000.0,,,,,42000000.0
377,2024-09-30,0.0,0.0,0.0,0.0,1538000000.0,,HON,0.0,0.0,,0.0,0.0,0.0,0.0,0.0,,,,,0.0
378,2024-06-30,0.0,0.0,0.0,0.0,1544000000.0,,HON,0.0,0.0,,0.0,0.0,0.0,0.0,0.0,,,,,0.0
379,2024-03-31,-381000000.0,53000000.0,-140000000.0,291000000.0,1595000000.0,,HON,3000000.0,-703000000.0,,7933000000.0,-573000000.0,0.0,3831000000.0,-233000000.0,,,,,144000000.0
380,2023-09-30,0.0,0.0,0.0,0.0,1514000000.0,,HON,0.0,0.0,,0.0,0.0,0.0,0.0,0.0,,,,,0.0
381,2023-06-30,0.0,0.0,0.0,0.0,1487000000.0,,HON,0.0,0.0,,0.0,0.0,0.0,0.0,0.0,,,,,0.0
382,2023-03-31,114000000.0,-422000000.0,-238000000.0,283000000.0,-6976000000.0,,HON,225000000.0,-725000000.0,,4105000000.0,-1363000000.0,0.0,-2758000000.0,-193000000.0,,,,,37000000.0
383,2022-09-30,0.0,0.0,0.0,0.0,1552000000.0,,HON,0.0,0.0,,0.0,0.0,0.0,0.0,0.0,,,,,0.0
384,2025-03-31,,,,1177000000.0,-13773000000.0,401000000.0,IBM,,-1549000000.0,167000000.0,216000000.0,,4370000000.0,,,,,,,
385,2024-09-30,,,,0.0,-330000000.0,0.0,IBM,,0.0,0.0,0.0,,0.0,,,,,,,
386,2024-06-30,,,,0.0,1834000000.0,0.0,IBM,,0.0,0.0,0.0,,0.0,,,,,,,
387,2024-03-31,,,,1131000000.0,1635000000.0,320000000.0,IBM,,-1522000000.0,-159000000.0,0.0,,4168000000.0,,,,,,,
388,2023-09-30,,,,0.0,1704000000.0,0.0,IBM,,0.0,0.0,0.0,,0.0,,,,,,,
389,2023-06-30,,,,0.0,1583000000.0,0.0,IBM,,0.0,0.0,0.0,,0.0,,,,,,,
390,2023-03-31,,,,1074000000.0,1194000000.0,268000000.0,IBM,,-1497000000.0,24000000.0,0.0,,3774000000.0,,,,,,,
391,2022-09-30,,,,0.0,-3196000000.0,0.0,IBM,,0.0,0.0,0.0,,0.0,,,,,,,
392,"('2025-03-31', -29000000.0, 0.0)",,-387000000.0,,389000000.0,2092000000.0,57000000.0,ICE,,-278000000.0,10000000.0,,,966000000.0,,-85000000.0,0.0,0.0,,,
393,"('2024-09-30', 0.0, 18000000.0)",,0.0,,386000000.0,671000000.0,57000000.0,ICE,,-261000000.0,0.0,,,0.0,,0.0,0.0,0.0,,,
394,"('2024-06-30', 0.0, 0.0)",,0.0,,381000000.0,636000000.0,57000000.0,ICE,,-261000000.0,0.0,,,0.0,,0.0,0.0,0.0,,,
395,"('2024-03-31', 0.0, 0.0)",,-285000000.0,,381000000.0,-3018000000.0,57000000.0,ICE,,-258000000.0,-5000000.0,,,1009000000.0,,-58000000.0,-5522000000.0,259000000.0,,,
396,"('2023-09-30', 0.0, 0.0)",,0.0,,309000000.0,657000000.0,0.0,ICE,,-241000000.0,0.0,,,0.0,,0.0,0.0,0.0,,,
397,"('2023-06-30', 0.0, 0.0)",,0.0,,267000000.0,815000000.0,0.0,ICE,,-236000000.0,0.0,,,0.0,,0.0,0.0,0.0,,,
398,"('2023-03-31', 0.0, 0.0)",,-484000000.0,,260000000.0,-80931000000.0,40000000.0,ICE,,-236000000.0,1000000.0,,,653000000.0,,-21000000.0,0.0,2045000000.0,,,
399,"('2022-09-30', 0.0, 0.0)",,0.0,,258000000.0,925000000.0,0.0,ICE,,-213000000.0,0.0,,,0.0,,0.0,0.0,0.0,,,
400,2025-04-30,0.0,0.0,,0.0,2820000000.0,469000000.0,INTU,0.0,0.0,0.0,0.0,0.0,0.0,,0.0,0.0,0.0,,,
401,2025-01-31,0.0,0.0,,0.0,471000000.0,498000000.0,INTU,0.0,0.0,0.0,0.0,0.0,0.0,,0.0,0.0,0.0,,,
402,2024-10-31,75000000.0,-31000000.0,,201000000.0,1041000000.0,511000000.0,INTU,-91000000.0,-296000000.0,0.0,96000000.0,0.0,362000000.0,,-33000000.0,761000000.0,-188000000.0,,,
403,2024-04-30,0.0,0.0,,0.0,2389000000.0,0.0,INTU,0.0,0.0,0.0,0.0,0.0,0.0,,0.0,0.0,0.0,,,
404,2024-01-31,0.0,0.0,,0.0,353000000.0,0.0,INTU,0.0,0.0,0.0,0.0,0.0,0.0,,0.0,0.0,0.0,,,
405,2023-10-31,5000000.0,-33000000.0,,191000000.0,2259000000.0,495000000.0,INTU,-126000000.0,-260000000.0,-17000000.0,4048000000.0,-4200000000.0,-97000000.0,,-84000000.0,849000000.0,210000000.0,,,
406,2023-04-30,0.0,0.0,,0.0,2087000000.0,0.0,INTU,0.0,0.0,0.0,0.0,0.0,0.0,,0.0,0.0,0.0,,,
407,2023-01-31,0.0,0.0,,0.0,168000000.0,0.0,INTU,0.0,0.0,0.0,0.0,0.0,0.0,,0.0,0.0,0.0,,,
408,2025-03-31,83100000.0,3600000.0,-211100000.0,-5600000.0,787000000.0,185200000.0,ISRG,100000.0,,-4500000.0,134300000.0,,581600000.0,,,-235800000.0,213500000.0,,0.0,
409,2024-09-30,0.0,0.0,0.0,3500000.0,570600000.0,0.0,ISRG,0.0,,0.0,0.0,,0.0,,,0.0,0.0,,0.0,
410,2024-06-30,0.0,0.0,0.0,5000000.0,531500000.0,0.0,ISRG,0.0,,0.0,0.0,,0.0,,,0.0,0.0,,0.0,
411,2024-03-31,-7500000.0,2200000.0,-179600000.0,7700000.0,-66300000.0,153300000.0,ISRG,-7200000.0,,6800000.0,180400000.0,,265400000.0,,,-46700000.0,-128500000.0,,0.0,
412,2023-09-30,0.0,0.0,0.0,5100000.0,419800000.0,0.0,ISRG,0.0,,0.0,0.0,,0.0,,,0.0,0.0,,0.0,
413,2023-06-30,0.0,0.0,0.0,5000000.0,426000000.0,0.0,ISRG,0.0,,0.0,0.0,,0.0,,,0.0,0.0,,0.0,
414,2023-03-31,16900000.0,16900000.0,-127100000.0,17300000.0,1217400000.0,139800000.0,ISRG,9300000.0,,1800000.0,100200000.0,,371400000.0,,,-381200000.0,573100000.0,,-350000000.0,
415,2022-09-30,0.0,0.0,0.0,7900000.0,324700000.0,0.0,ISRG,0.0,,0.0,0.0,,0.0,,,0.0,0.0,,0.0,
416,2025-03-30,-2126000000.0,-930000000.0,-146000000.0,1772000000.0,37838000000.0,,JNJ,,-2989000000.0,70000000.0,,-2871000000.0,4174000000.0,,-795000000.0,10422000000.0,,,-2127000000.0,
417,2024-09-29,0.0,0.0,0.0,0.0,-20090000000.0,,JNJ,,0.0,0.0,,0.0,0.0,,0.0,0.0,,,0.0,
418,2024-06-30,0.0,0.0,0.0,0.0,2886000000.0,,JNJ,,0.0,0.0,,0.0,0.0,,0.0,0.0,,,0.0,
419,2024-03-31,-2483000000.0,-279000000.0,-348000000.0,1815000000.0,15825000000.0,,JNJ,,-2869000000.0,-125000000.0,,-891000000.0,3657000000.0,,-807000000.0,546000000.0,,,-1475000000.0,
420,2023-10-01,0.0,0.0,0.0,0.0,47012000000.0,,JNJ,,0.0,0.0,,0.0,0.0,,0.0,0.0,,,0.0,
421,2023-07-02,0.0,0.0,0.0,0.0,5144000000.0,,JNJ,,0.0,0.0,,0.0,0.0,,0.0,0.0,,,0.0,
422,2023-04-02,-2572000000.0,-53000000.0,-524000000.0,1880000000.0,43128000000.0,,JNJ,,-2942000000.0,28000000.0,,-5888000000.0,3257000000.0,,-863000000.0,6138000000.0,,,-3537000000.0,
423,2022-10-02,0.0,0.0,0.0,0.0,4458000000.0,,JNJ,,0.0,0.0,,0.0,0.0,,0.0,0.0,,,0.0,
424,2025-03-31,,,,2030000000.0,-457909000000.0,,JPM,524000000.0,-3823000000.0,8442000000.0,3000000000.0,-28457000000.0,,,,318059000000.0,,,,
425,2024-09-30,,,,0.0,9787000000.0,,JPM,0.0,0.0,0.0,0.0,0.0,,,,0.0,,,,
426,2024-06-30,,,,0.0,15097000000.0,,JPM,0.0,0.0,0.0,0.0,0.0,,,,0.0,,,,
427,2024-03-31,,,,2004000000.0,-348986000000.0,,JPM,-989000000.0,-3493000000.0,-5666000000.0,2500000000.0,-21253000000.0,,,,141168000000.0,,,,
428,2023-09-30,,,,0.0,11667000000.0,,JPM,0.0,0.0,0.0,0.0,0.0,,,,0.0,,,,
429,2023-06-30,,,,0.0,8861000000.0,,JPM,0.0,0.0,0.0,0.0,0.0,,,,0.0,,,,
430,2023-03-31,,,,1649000000.0,-110180000000.0,,JPM,-606000000.0,-3374000000.0,1656000000.0,0.0,-16171000000.0,,,,64557000000.0,,,,
431,2022-09-30,,,,0.0,8200000000.0,,JPM,0.0,0.0,0.0,0.0,0.0,,,,0.0,,,,
432,2025-03-31,,,,-53645000.0,25642465000.0,,KKR,,,19994000.0,,-5165945000.0,,,,,,,,
433,2024-09-30,,,,0.0,2496765000.0,,KKR,,,0.0,,0.0,,,,,,,,
434,2024-06-30,,,,0.0,1161848000.0,,KKR,,,0.0,,0.0,,,,,,,,
435,2024-03-31,,,,-14484000.0,2766366000.0,,KKR,,,-16210000.0,,-4928299000.0,,,,,,,,
436,2023-09-30,,,,0.0,3919198000.0,,KKR,,,0.0,,0.0,,,,,,,,
437,2023-06-30,,,,0.0,2085443000.0,,KKR,,,0.0,,0.0,,,,,,,,
438,2023-03-31,,,,32180000.0,-908140000.0,,KKR,,,21603000.0,,-1858984000.0,,,,,,,,
439,2022-09-30,,,,0.0,-787761000.0,,KKR,,,0.0,,0.0,,,,,,,,
440,2025-03-31,0.0,,0.0,0.0,1088416000.0,0.0,KLAC,0.0,,0.0,,0.0,0.0,0.0,0.0,0.0,0.0,,,
441,2024-12-31,0.0,,0.0,0.0,1063627000.0,0.0,KLAC,0.0,,0.0,,0.0,0.0,0.0,0.0,0.0,0.0,,,
442,2024-09-30,-12463000.0,,-59326000.0,95823000.0,431024000.0,61700000.0,KLAC,-81682000.0,,13582000.0,,0.0,995238000.0,73000.0,-60393000.0,-837708000.0,-171039000.0,,,
443,2024-03-31,0.0,,0.0,0.0,672015000.0,0.0,KLAC,0.0,,0.0,,0.0,0.0,0.0,0.0,0.0,0.0,,,
444,2023-12-31,0.0,,0.0,0.0,801534000.0,0.0,KLAC,0.0,,0.0,,0.0,0.0,0.0,0.0,0.0,0.0,,,
445,2023-09-30,8345000.0,,-138419000.0,102403000.0,-34486000.0,48772000.0,KLAC,-71322000.0,,-3208000.0,,0.0,883740000.0,-216295000.0,-68045000.0,-705156000.0,-391671000.0,,,
446,2023-03-31,0.0,,0.0,0.0,697837000.0,0.0,KLAC,0.0,,0.0,,0.0,0.0,0.0,0.0,0.0,0.0,,,
447,2022-12-31,0.0,,0.0,0.0,978795000.0,0.0,KLAC,0.0,,0.0,,0.0,0.0,0.0,0.0,0.0,0.0,,,
448,2025-03-28,,,,267000000.0,-5036000000.0,63000000.0,KO,95000000.0,-89000000.0,163000000.0,,,-5202000000.0,,,3432000000.0,-1067000000.0,,,
449,2024-09-27,,,,0.0,2850000000.0,0.0,KO,0.0,0.0,0.0,,,0.0,,,0.0,0.0,,,
450,2024-06-28,,,,0.0,2401000000.0,0.0,KO,0.0,0.0,0.0,,,0.0,,,0.0,0.0,,,
451,2024-03-29,,,,262000000.0,1660000000.0,68000000.0,KO,-173000000.0,-99000000.0,-138000000.0,,,528000000.0,,,406000000.0,330000000.0,,,
452,2023-09-29,,,,0.0,3083000000.0,0.0,KO,0.0,0.0,0.0,,,0.0,,,0.0,0.0,,,
453,2023-06-30,,,,0.0,2521000000.0,0.0,KO,0.0,0.0,0.0,,,0.0,,,0.0,0.0,,,
454,2023-03-31,,,,286000000.0,3901000000.0,58000000.0,KO,260000000.0,-101000000.0,113000000.0,,,160000000.0,,,2065000000.0,117000000.0,,,
455,2022-09-30,,,,0.0,2822000000.0,0.0,KO,0.0,0.0,0.0,,,0.0,,,0.0,0.0,,,
456,2025-03-31,,-230000000.0,9000000.0,910000000.0,1813000000.0,42000000.0,LIN,,,40000000.0,,,,,-1270000000.0,,,,,
457,2024-09-30,,0.0,0.0,960000000.0,1550000000.0,0.0,LIN,,,0.0,,,,,0.0,,,,,
458,2024-06-30,,0.0,0.0,958000000.0,1663000000.0,0.0,LIN,,,0.0,,,,,0.0,,,,,
459,2024-03-31,,-361000000.0,-27000000.0,949000000.0,1170000000.0,38000000.0,LIN,,,-61000000.0,,,,,-1048000000.0,,,,,
460,2023-09-30,,0.0,0.0,959000000.0,1565000000.0,0.0,LIN,,,0.0,,,,,0.0,,,,,
461,2023-06-30,,0.0,0.0,960000000.0,1575000000.0,0.0,LIN,,,0.0,,,,,0.0,,,,,
462,2023-03-31,,-131000000.0,-59000000.0,948000000.0,-1387000000.0,30000000.0,LIN,,,16000000.0,,,,,-829000000.0,,,,,
463,2022-09-30,,0.0,0.0,1045000000.0,1300000000.0,0.0,LIN,,,0.0,,,,,0.0,,,,,
464,2025-03-31,,,,462800000.0,-6111400000.0,153700000.0,LLY,-391600000.0,-1346300000.0,131900000.0,6461000000.0,0.0,1665600000.0,-175100000.0,-1509500000.0,,,,,
465,2024-09-30,,,,0.0,3800300000.0,0.0,LLY,0.0,0.0,0.0,0.0,0.0,0.0,0.0,0.0,,,,,
466,2024-06-30,,,,0.0,3121300000.0,0.0,LLY,0.0,0.0,0.0,0.0,0.0,0.0,0.0,0.0,,,,,
467,2024-03-31,,,,400600000.0,-6389800000.0,159400000.0,LLY,-279000000.0,-1169200000.0,-35500000.0,6452500000.0,0.0,1166000000.0,-358400000.0,-986300000.0,,,,,
468,2023-09-30,,,,0.0,2922600000.0,0.0,LLY,0.0,0.0,0.0,0.0,0.0,0.0,0.0,0.0,,,,,
469,2023-06-30,,,,0.0,1763200000.0,0.0,LLY,0.0,0.0,0.0,0.0,0.0,0.0,0.0,0.0,,,,,
470,2023-03-31,,,,362300000.0,-899300000.0,131200000.0,LLY,-559400000.0,-1017200000.0,24800000.0,3958500000.0,0.0,1730600000.0,1478900000.0,-668500000.0,,,,,
471,2022-09-30,,,,0.0,1451700000.0,0.0,LLY,0.0,0.0,0.0,0.0,0.0,0.0,0.0,0.0,,,,,
472,2025-03-30,1680000000.0,,-125000000.0,,-3263000000.0,60000000.0,LMT,-34000000.0,-796000000.0,,,,1409000000.0,,-454000000.0,,,,,
473,2024-09-29,0.0,,0.0,,1623000000.0,0.0,LMT,0.0,0.0,,,,0.0,,0.0,,,,,
474,2024-06-30,0.0,,0.0,,1728000000.0,0.0,LMT,0.0,0.0,,,,0.0,,0.0,,,,,
475,2024-03-31,1301000000.0,,-146000000.0,,2374000000.0,61000000.0,LMT,-77000000.0,-780000000.0,,,,1635000000.0,,-378000000.0,,,,,
476,2023-09-24,0.0,,0.0,,1684000000.0,0.0,LMT,0.0,0.0,,,,0.0,,0.0,,,,,
477,2023-06-25,0.0,,0.0,,1481000000.0,0.0,LMT,0.0,0.0,,,,0.0,,0.0,,,,,
478,2023-03-26,1217000000.0,,-383000000.0,,-1498000000.0,57000000.0,LMT,-117000000.0,-784000000.0,,,,1564000000.0,,-294000000.0,,,,,
479,2022-09-25,0.0,,0.0,,1778000000.0,0.0,LMT,0.0,0.0,,,,0.0,,0.0,,,,,
480,2025-05-02,1945000000.0,,,507000000.0,10000000.0,,LOW,126000000.0,,,2000000.0,-778000000.0,3379000000.0,1293000000.0,-518000000.0,-1553000000.0,-533000000.0,,,
481,2024-11-01,0.0,,,0.0,1695000000.0,,LOW,0.0,,,0.0,0.0,0.0,0.0,0.0,0.0,0.0,,,
482,2024-08-02,0.0,,,0.0,2383000000.0,,LOW,0.0,,,0.0,0.0,0.0,0.0,0.0,0.0,0.0,,,
483,2024-05-03,3033000000.0,,,486000000.0,-949000000.0,,LOW,135000000.0,,,15000000.0,-22000000.0,4262000000.0,2316000000.0,-382000000.0,-1568000000.0,-378000000.0,,,
484,2023-11-03,0.0,,,0.0,1773000000.0,,LOW,0.0,,,0.0,0.0,0.0,0.0,0.0,0.0,0.0,,,
485,2023-08-04,0.0,,,0.0,2673000000.0,,LOW,0.0,,,0.0,0.0,0.0,0.0,0.0,0.0,0.0,,,
486,2023-05-05,1361000000.0,,,465000000.0,-2895000000.0,,LOW,102000000.0,,,2988000000.0,-22000000.0,2106000000.0,1602000000.0,-380000000.0,-200000000.0,-304000000.0,,,
487,2022-10-28,0.0,,,0.0,154000000.0,,LOW,0.0,,,0.0,0.0,0.0,0.0,0.0,0.0,0.0,,,
488,2025-03-30,,,,0.0,1417782000.0,,LRCX,0.0,0.0,0.0,0.0,,0.0,,0.0,,,,,0.0
489,2024-12-29,,,,0.0,1272977000.0,,LRCX,0.0,0.0,0.0,0.0,,0.0,,0.0,,,,,0.0
490,2024-09-29,,,,94295000.0,-500207000.0,,LRCX,-108722000.0,-260985000.0,22682000.0,-43000.0,,1568471000.0,,-58385000.0,,,,,0.0
491,2024-03-31,,,,0.0,1042680000.0,,LRCX,0.0,0.0,0.0,0.0,,0.0,,0.0,,,,,0.0
492,2023-12-24,,,,0.0,1024167000.0,,LRCX,0.0,0.0,0.0,0.0,,0.0,,0.0,,,,,0.0
493,2023-09-24,,,,90479000.0,-2029641000.0,,LRCX,-24238000.0,-230332000.0,-11031000.0,0.0,,951163000.0,,-38324000.0,,,,,2818000.0
494,2023-03-26,,,,0.0,887919000.0,,LRCX,0.0,0.0,0.0,0.0,,0.0,,0.0,,,,,0.0
495,2022-12-25,,,,0.0,1541591000.0,,LRCX,0.0,0.0,0.0,0.0,,0.0,,0.0,,,,,0.0
496,2025-03-31,80000000.0,-118000000.0,,275000000.0,-962000000.0,129000000.0,MA,37000000.0,-694000000.0,121000000.0,,,2380000000.0,,-159000000.0,-2987000000.0,-340000000.0,-784000000.0,,
497,2024-09-30,0.0,0.0,,0.0,3263000000.0,0.0,MA,0.0,0.0,0.0,,,0.0,,0.0,0.0,0.0,0.0,,
498,2024-06-30,0.0,0.0,,0.0,3258000000.0,0.0,MA,0.0,0.0,0.0,,,0.0,,0.0,0.0,0.0,0.0,,
499,2024-03-31,-21000000.0,-219000000.0,,216000000.0,-1618000000.0,108000000.0,MA,3000000.0,-616000000.0,-95000000.0,,,1672000000.0,,-157000000.0,-2681000000.0,-174000000.0,-446000000.0,,
500,2023-09-30,0.0,0.0,,0.0,3198000000.0,0.0,MA,0.0,0.0,0.0,,,0.0,,0.0,0.0,0.0,0.0,,
501,2023-06-30,0.0,0.0,,0.0,2845000000.0,0.0,MA,0.0,0.0,0.0,,,0.0,,0.0,0.0,0.0,0.0,,
502,2023-03-31,-184000000.0,-38000000.0,,191000000.0,225000000.0,108000000.0,MA,-129000000.0,-545000000.0,37000000.0,,,1919000000.0,,-110000000.0,-1955000000.0,-397000000.0,-506000000.0,,
503,2022-09-30,0.0,0.0,,0.0,2499000000.0,0.0,MA,0.0,0.0,0.0,,,0.0,,0.0,0.0,0.0,0.0,,
504,2025-03-31,,,,520000000.0,682000000.0,45000000.0,MCD,-44000000.0,,39000000.0,,,,,-551000000.0,,,,,
505,2024-09-30,,,,532000000.0,1690000000.0,40000000.0,MCD,-137000000.0,,46000000.0,,,,,-794000000.0,,,,,
506,2024-06-30,,,,502000000.0,365000000.0,38000000.0,MCD,-226000000.0,,-21000000.0,,,,,-628000000.0,,,,,
507,2024-03-31,,,,510000000.0,-9118000000.0,50000000.0,MCD,-138000000.0,,21000000.0,,,,,-547000000.0,,,,,
508,2023-09-30,,,,498000000.0,6401700000.0,42900000.0,MCD,-176200000.0,,-88800000.0,,,,,-570300000.0,,,,,
509,2023-06-30,,,,492200000.0,-5983600000.0,45200000.0,MCD,-152500000.0,,8500000.0,,,,,-526500000.0,,,,,
510,2023-03-31,,,,490500000.0,3625500000.0,49700000.0,MCD,-86100000.0,,3300000.0,,,,,-503300000.0,,,,,
511,2022-09-30,,,,465600000.0,3627600000.0,38300000.0,MCD,-196300000.0,,-198600000.0,,,,,-531200000.0,,,,,
512,2025-01-24,0.0,0.0,0.0,0.0,1303000000.0,-98000000.0,MDT,0.0,0.0,0.0,,,0.0,,,0.0,0.0,,0.0,
513,2024-10-25,0.0,0.0,0.0,0.0,1278000000.0,-159000000.0,MDT,0.0,0.0,0.0,,,0.0,,,0.0,0.0,,0.0,
514,2024-07-26,-604000000.0,110000000.0,-217000000.0,662000000.0,3804000000.0,-83000000.0,MDT,88000000.0,-898000000.0,31000000.0,,,986000000.0,,,-731000000.0,-259000000.0,,-2492000000.0,
515,2024-01-26,0.0,0.0,0.0,0.0,1337000000.0,-85000000.0,MDT,0.0,0.0,0.0,,,0.0,,,0.0,0.0,,0.0,
516,2023-10-27,0.0,0.0,0.0,0.0,911000000.0,-146000000.0,MDT,0.0,0.0,0.0,,,0.0,,,0.0,0.0,,0.0,
517,2023-07-28,-673000000.0,164000000.0,-410000000.0,672000000.0,1076000000.0,-73000000.0,MDT,0.0,-918000000.0,-39000000.0,,,875000000.0,,,-501000000.0,-539000000.0,,-152000000.0,
518,2023-01-27,0.0,0.0,0.0,0.0,1230000000.0,0.0,MDT,0.0,0.0,0.0,,,0.0,,,0.0,0.0,,0.0,
519,2022-10-28,0.0,0.0,0.0,0.0,488000000.0,0.0,MDT,0.0,0.0,0.0,,,0.0,,,0.0,0.0,,0.0,
520,2025-03-31,,-4000000.0,-46000000.0,172000000.0,-815000000.0,,MELI,-60000000.0,,145000000.0,,,1031000000.0,,,465000000.0,0.0,-191000000.0,,
521,2024-09-30,,0.0,0.0,0.0,904000000.0,,MELI,0.0,,0.0,,,0.0,,,0.0,0.0,0.0,,
522,2024-06-30,,0.0,0.0,0.0,981000000.0,,MELI,0.0,,0.0,,,0.0,,,0.0,0.0,0.0,,
523,2024-03-31,,-22000000.0,11000000.0,154000000.0,256000000.0,,MELI,-65000000.0,,-76000000.0,,,1512000000.0,,,0.0,-1466000000.0,81000000.0,,
524,2023-09-30,,0.0,0.0,0.0,809000000.0,,MELI,0.0,,0.0,,,0.0,,,0.0,0.0,0.0,,
525,2023-06-30,,0.0,0.0,0.0,641000000.0,,MELI,0.0,,0.0,,,0.0,,,0.0,0.0,0.0,,
526,2023-03-31,,-12000000.0,-39000000.0,126000000.0,526000000.0,,MELI,8000000.0,,-48000000.0,,,859000000.0,,,0.0,-538000000.0,107000000.0,,
527,2022-09-30,,0.0,0.0,0.0,174000000.0,,MELI,0.0,,0.0,,,0.0,,,0.0,0.0,0.0,,
528,2025-03-31,8304000000.0,2804000000.0,,3900000000.0,-23698000000.0,4147000000.0,META,-993000000.0,0.0,112000000.0,,,24026000000.0,,-12941000000.0,-19495000000.0,-20010000000.0,-2231000000.0,,
529,2024-09-30,0.0,0.0,,0.0,14425000000.0,0.0,META,0.0,0.0,0.0,,,0.0,,0.0,0.0,0.0,0.0,,
530,2024-06-30,0.0,0.0,,0.0,12199000000.0,0.0,META,0.0,0.0,0.0,,,0.0,,0.0,0.0,0.0,0.0,,
531,2024-03-31,3105000000.0,2520000000.0,,3374000000.0,-16916000000.0,3562000000.0,META,-456000000.0,1273000000.0,-288000000.0,,,19246000000.0,,-6400000000.0,-19767000000.0,-8734000000.0,-1274000000.0,,
532,2023-09-30,0.0,0.0,,0.0,11583000000.0,0.0,META,0.0,0.0,0.0,,,0.0,,0.0,0.0,0.0,0.0,,
533,2023-06-30,0.0,0.0,,0.0,7788000000.0,0.0,META,0.0,0.0,0.0,,,0.0,,0.0,0.0,0.0,0.0,,
534,2023-03-31,3362000000.0,2546000000.0,,2524000000.0,-5295000000.0,3051000000.0,META,-620000000.0,0.0,85000000.0,,,13998000000.0,,-6842000000.0,-10516000000.0,-6743000000.0,334000000.0,,
535,2022-09-30,0.0,0.0,,0.0,4808000000.0,0.0,META,0.0,0.0,0.0,,,0.0,,0.0,0.0,0.0,0.0,,
536,2025-03-31,,,,-51000000.0,-1569000000.0,112000000.0,MMC,,-405000000.0,243000000.0,0.0,,,,-55000000.0,0.0,,,-300000000.0,
537,2024-09-30,,,,90000000.0,752000000.0,0.0,MMC,,0.0,0.0,0.0,,,,0.0,0.0,,,0.0,
538,2024-06-30,,,,89000000.0,1139000000.0,0.0,MMC,,0.0,0.0,0.0,,,,0.0,0.0,,,0.0,
539,2024-03-31,,,,189000000.0,-4360000000.0,103000000.0,MMC,,-354000000.0,-228000000.0,989000000.0,,,,-87000000.0,135000000.0,,,-300000000.0,
540,2023-09-30,,,,85000000.0,737000000.0,0.0,MMC,,0.0,0.0,0.0,,,,0.0,0.0,,,0.0,
541,2023-06-30,,,,87000000.0,1044000000.0,0.0,MMC,,0.0,0.0,0.0,,,,0.0,0.0,,,0.0,
542,2023-03-31,,,,169000000.0,-1733000000.0,99000000.0,MMC,,-296000000.0,152000000.0,589000000.0,,,,-84000000.0,773000000.0,,,-300000000.0,
543,2022-09-30,,,,84000000.0,553000000.0,0.0,MMC,,0.0,0.0,0.0,,,,0.0,0.0,,,0.0,
544,2025-03-31,-136000000.0,,-18000000.0,71000000.0,3798000000.0,,MO,26000000.0,-1730000000.0,,,,2720000000.0,,-38000000.0,-1085000000.0,-43000000.0,,-326000000.0,
545,2024-09-30,0.0,,0.0,0.0,2293000000.0,,MO,0.0,0.0,,,,0.0,,0.0,0.0,0.0,,0.0,
546,2024-06-30,0.0,,0.0,0.0,6557000000.0,,MO,0.0,0.0,,,,0.0,,0.0,0.0,0.0,,0.0,
547,2024-03-31,-61000000.0,,-26000000.0,65000000.0,3389000000.0,,MO,0.0,-1733000000.0,,,,2877000000.0,,-35000000.0,-5268000000.0,2316000000.0,,-2400000000.0,
548,2023-09-30,0.0,,0.0,0.0,2166000000.0,,MO,0.0,0.0,,,,0.0,,0.0,0.0,0.0,,0.0,
549,2023-06-30,0.0,,0.0,0.0,2117000000.0,,MO,0.0,0.0,,,,0.0,,0.0,0.0,0.0,,0.0,
550,2023-03-31,-115000000.0,,-72000000.0,52000000.0,807000000.0,,MO,-142000000.0,-1683000000.0,,,,2984000000.0,,-55000000.0,-3045000000.0,-56000000.0,,0.0,
551,2022-09-30,0.0,,0.0,0.0,224000000.0,,MO,0.0,0.0,,,,0.0,,0.0,0.0,0.0,,0.0,
552,2025-03-31,,,,1099000000.0,-6967000000.0,195000000.0,MRK,-186000000.0,-2050000000.0,156000000.0,,,2500000000.0,,-1328000000.0,-5755000000.0,-1487000000.0,,,
553,2024-09-30,,,,1100000000.0,3130000000.0,0.0,MRK,0.0,0.0,0.0,,,0.0,,0.0,0.0,0.0,,,
554,2024-06-30,,,,1064000000.0,5517000000.0,0.0,MRK,0.0,0.0,0.0,,,0.0,,0.0,0.0,0.0,,,
555,2024-03-31,,,,984000000.0,-1075000000.0,176000000.0,MRK,-51000000.0,-1950000000.0,-138000000.0,,,3090000000.0,,-861000000.0,-2814000000.0,-1376000000.0,,,
556,2023-09-30,,,,482000000.0,4717000000.0,0.0,MRK,0.0,0.0,0.0,,,0.0,,0.0,0.0,0.0,,,
557,2023-06-30,,,,853000000.0,-175000000.0,0.0,MRK,0.0,0.0,0.0,,,0.0,,0.0,0.0,0.0,,,
558,2023-03-31,,,,991000000.0,-3000000000.0,145000000.0,MRK,-277000000.0,-1853000000.0,87000000.0,,,1339000000.0,,-1007000000.0,-2054000000.0,-2359000000.0,,,
559,2022-09-30,,,,908000000.0,2882000000.0,0.0,MRK,0.0,0.0,0.0,,,0.0,,0.0,0.0,0.0,,,
560,2025-03-31,,,,865000000.0,-48466000000.0,539000000.0,MS,,,1318000000.0,32439000000.0,,,-14647000000.0,,,,,,
561,2024-09-30,,,,0.0,3226000000.0,0.0,MS,,,0.0,0.0,,,0.0,,,,,,
562,2024-06-30,,,,0.0,3117000000.0,0.0,MS,,,0.0,0.0,,,0.0,,,,,,
563,2024-03-31,,,,975000000.0,27360000000.0,442000000.0,MS,,,-1198000000.0,28079000000.0,,,13073000000.0,,,,,,
564,2023-09-30,,,,0.0,2435000000.0,0.0,MS,,,0.0,0.0,,,0.0,,,,,,
565,2023-06-30,,,,0.0,2221000000.0,0.0,MS,,,0.0,0.0,,,0.0,,,,,,
566,2023-03-31,,,,940000000.0,-38278000000.0,558000000.0,MS,,,325000000.0,21219000000.0,,,-16869000000.0,,,,,,
567,2022-09-30,,,,0.0,2662000000.0,0.0,MS,,,0.0,0.0,,,0.0,,,,,,
568,2025-03-31,1179000000.0,-2461000000.0,52000000.0,,57159000000.0,2980000000.0,MSFT,-2244000000.0,-6169000000.0,,0.0,,,,,-13036000000.0,-12714000000.0,,,
569,2024-12-31,958000000.0,-5978000000.0,711000000.0,,4266000000.0,3089000000.0,MSFT,-1158000000.0,-6170000000.0,,0.0,,,,,0.0,-14112000000.0,,,
570,2024-09-30,-916000000.0,14037000000.0,-373000000.0,,-1862000000.0,2832000000.0,MSFT,-1433000000.0,-5574000000.0,,-5746000000.0,,,,,0.0,0.0,,,
571,2024-03-31,648000000.0,-2028000000.0,260000000.0,,33401000000.0,2703000000.0,MSFT,-1323000000.0,-5572000000.0,,2542000000.0,,,,,-18808000000.0,-10700000000.0,,,
572,2023-12-31,-2521000000.0,-2951000000.0,1474000000.0,,-53952000000.0,2828000000.0,MSFT,-1702000000.0,-5574000000.0,,2283000000.0,,,,,0.0,-71925000000.0,,,
573,2023-09-30,1214000000.0,11034000000.0,-505000000.0,,95175000000.0,2507000000.0,MSFT,-568000000.0,-5051000000.0,,25765000000.0,,,,,0.0,0.0,,,
574,2023-03-31,-407000000.0,-1408000000.0,106000000.0,,48062000000.0,2465000000.0,MSFT,-1675000000.0,-5059000000.0,,0.0,,,,,-10290000000.0,-3264000000.0,,,
575,2022-12-31,-2058000000.0,-3164000000.0,1305000000.0,,-3194000000.0,2538000000.0,MSFT,-1305000000.0,-5066000000.0,,0.0,,,,,-11349000000.0,-7150000000.0,,,
576,2025-03-31,-1431000.0,10542000.0,,12623000.0,-5845569000.0,11819000.0,MSTR,,-9188000.0,,,,0.0,,-2737000.0,7694305000.0,-7670400000.0,,,
577,2024-09-30,0.0,0.0,,3395000.0,-1140056000.0,0.0,MSTR,,0.0,,,,0.0,,0.0,0.0,0.0,,,
578,2024-06-30,0.0,0.0,,435000.0,-613738000.0,0.0,MSTR,,0.0,,,,0.0,,0.0,0.0,0.0,,,
579,2024-03-31,-2005000.0,12166000.0,,5607000.0,41065000.0,17791000.0,MSTR,,0.0,,,,28587000.0,,-1545000.0,1648400000.0,-1640854000.0,,,
580,2023-09-30,0.0,0.0,,1770000.0,-128122000.0,0.0,MSTR,,0.0,,,,0.0,,0.0,0.0,0.0,,,
581,2023-06-30,0.0,0.0,,1767000.0,-322860000.0,0.0,MSTR,,0.0,,,,0.0,,0.0,0.0,0.0,,,
582,2023-03-31,4230000.0,10241000.0,,5641000.0,56720000.0,17555000.0,MSTR,,0.0,,,,37397000.0,,-499000.0,187622000.0,-179774000.0,,,
583,2022-09-30,0.0,0.0,,1757000.0,-5251000.0,0.0,MSTR,,0.0,,,,0.0,,0.0,0.0,0.0,,,
584,2025-02-27,0.0,,0.0,0.0,1583000000.0,0.0,MU,,,,0.0,,0.0,,,,,,,
585,2024-11-28,-241000000.0,,170000000.0,2030000000.0,-6639000000.0,220000000.0,MU,,,,0.0,,3244000000.0,,,,,,,
586,2024-05-30,0.0,,0.0,0.0,204000000.0,0.0,MU,,,,0.0,,0.0,,,,,,,
587,2024-02-29,0.0,,0.0,0.0,666000000.0,0.0,MU,,,,0.0,,0.0,,,,,,,
588,2023-11-30,271000000.0,,111000000.0,1915000000.0,-5494000000.0,188000000.0,MU,,,,0.0,,1401000000.0,,,,,,,
589,2023-06-01,0.0,,401000000.0,0.0,-2022000000.0,0.0,MU,,,,0.0,,0.0,,,,,,,
590,2023-03-02,0.0,,1430000000.0,0.0,-2438000000.0,0.0,MU,,,,0.0,,0.0,,,,,,,
591,2022-12-01,-1056000000.0,,-1697000000.0,1921000000.0,463000000.0,146000000.0,MU,,,,3349000000.0,,943000000.0,,,,,,,
592,2025-03-31,,,,1095000000.0,15046000000.0,,NEE,-400000000.0,-1166000000.0,,,,2769000000.0,,,6103000000.0,-7724000000.0,,,
593,2024-09-30,,,,0.0,1354000000.0,,NEE,0.0,0.0,,,,0.0,,,0.0,0.0,,,
594,2024-06-30,,,,0.0,1137000000.0,,NEE,0.0,3700000000.0,,,,0.0,,,0.0,0.0,,,
595,2024-03-31,,,,898000000.0,12687000000.0,,NEE,398000000.0,-1058000000.0,,,,3077000000.0,,,5038000000.0,-9321000000.0,,,
596,2023-09-30,,,,0.0,1973000000.0,,NEE,0.0,0.0,,,,0.0,,,0.0,0.0,,,
597,2023-06-30,,,,0.0,2432000000.0,,NEE,0.0,0.0,,,,0.0,,,0.0,0.0,,,
598,2023-03-31,,,,822000000.0,14131000000.0,,NEE,349000000.0,-930000000.0,,,,1673000000.0,,,6890000000.0,-7817000000.0,,,
599,2022-09-30,,,,0.0,3563000000.0,,NEE,0.0,0.0,,,,0.0,,,0.0,0.0,,,
600,2025-03-31,-276426000.0,,,80067000.0,-1423545000.0,72000000.0,NFLX,0.0,,150146000.0,0.0,,2789199000.0,,-128277000.0,-4028316000.0,485662000.0,306413000.0,,351602000.0
601,2024-09-30,30597000.0,,,80914000.0,-54943000.0,66000000.0,NFLX,0.0,,153452000.0,1794460000.0,,2321101000.0,,-126863000.0,226596000.0,-1869109000.0,179011000.0,,143244000.0
602,2024-06-30,-19358000.0,,,81227000.0,121959000.0,69000000.0,NFLX,0.0,,-122723000.0,0.0,,1290847000.0,,-78287000.0,-1489381000.0,-78287000.0,-114303000.0,,118750000.0
603,2024-03-31,-145265000.0,,,87234000.0,-196645000.0,76000000.0,NFLX,0.0,,-95790000.0,0.0,,2212522000.0,,-75714000.0,-2132944000.0,-75714000.0,251782000.0,,268881000.0
604,2023-09-30,-68390000.0,,,90660000.0,-764249000.0,79720000.0,NFLX,0.0,,-122707000.0,0.0,,1992315000.0,,-103929000.0,-2475108000.0,296071000.0,-65029000.0,,57818000.0
605,2023-06-30,38332000.0,,,89385000.0,1829582000.0,78030000.0,NFLX,0.0,,39626000.0,0.0,,1440232000.0,,-100972000.0,-649349000.0,97737000.0,177831000.0,,34717000.0
606,2023-03-31,-89668000.0,,,90335000.0,2311632000.0,99099000.0,NFLX,0.0,,26423000.0,0.0,,2178740000.0,,-62019000.0,-374073000.0,-263653000.0,185299000.0,,26028000.0
607,2022-09-30,53875000.0,,,85188000.0,1275527000.0,152062000.0,NFLX,-57797000.0,,-180058000.0,0.0,,556810000.0,,-84960000.0,4113000.0,-84960000.0,212072000.0,,4113000.0
608,2025-03-31,290000000.0,901000000.0,,305000000.0,731000000.0,470000000.0,NOW,32000000.0,,,,,1677000000.0,,-205000000.0,-398000000.0,-217000000.0,-287000000.0,,
609,2024-09-30,0.0,0.0,,0.0,432000000.0,144000000.0,NOW,0.0,,,,,0.0,,0.0,0.0,0.0,0.0,,
610,2024-06-30,0.0,0.0,,0.0,262000000.0,141000000.0,NOW,0.0,,,,,0.0,,0.0,0.0,0.0,0.0,,
611,2024-03-31,196000000.0,715000000.0,,261000000.0,-1005000000.0,422000000.0,NOW,28000000.0,,,,,1341000000.0,,-135000000.0,0.0,-918000000.0,-240000000.0,,
612,2023-09-30,0.0,0.0,,0.0,242000000.0,0.0,NOW,0.0,,,,,0.0,,0.0,0.0,0.0,0.0,,
613,2023-06-30,0.0,0.0,,0.0,1044000000.0,0.0,NOW,0.0,,,,,0.0,,0.0,0.0,0.0,0.0,,
614,2023-03-31,1000000.0,619000000.0,,232000000.0,61000000.0,381000000.0,NOW,7000000.0,,,,,902000000.0,,-165000000.0,5000000.0,-524000000.0,-259000000.0,,
615,2022-09-30,0.0,0.0,,0.0,79749000.0,0.0,NOW,0.0,,,,,0.0,,0.0,0.0,0.0,0.0,,
616,2025-04-27,941000000.0,933000000.0,-1258000000.0,611000000.0,13062000000.0,1474000000.0,NVDA,-2177000000.0,-244000000.0,,,,27414000000.0,,,-15553000000.0,-5216000000.0,,,
617,2024-10-27,0.0,0.0,0.0,0.0,19309000000.0,0.0,NVDA,0.0,-245000000.0,,,,0.0,,,0.0,0.0,,,
618,2024-07-28,0.0,0.0,0.0,0.0,16599000000.0,0.0,NVDA,0.0,-246000000.0,,,,0.0,,,0.0,0.0,,,
619,2024-04-28,-22000000.0,-2366000000.0,-577000000.0,410000000.0,3873000000.0,1011000000.0,NVDA,-1577000000.0,-98000000.0,,,,15345000000.0,,,-9345000000.0,-5693000000.0,,,
620,2023-10-29,0.0,0.0,0.0,0.0,9243000000.0,0.0,NVDA,0.0,-99000000.0,,,,0.0,,,0.0,0.0,,,
621,2023-07-30,0.0,0.0,0.0,0.0,6188000000.0,0.0,NVDA,0.0,-99000000.0,,,,0.0,,,0.0,0.0,,,
622,2023-04-30,11000000.0,-252000000.0,566000000.0,384000000.0,3192000000.0,735000000.0,NVDA,-1135000000.0,-99000000.0,,,,2911000000.0,,,-380000000.0,-841000000.0,,,
623,2022-10-30,0.0,0.0,0.0,0.0,680000000.0,-745000000.0,NVDA,0.0,-100000000.0,,,,0.0,,,0.0,0.0,,,
624,2025-02-28,0.0,,,548000000.0,2936000000.0,1198000000.0,ORCL,0.0,,0.0,0.0,,0.0,0.0,0.0,,,,,
625,2024-11-30,0.0,,,591000000.0,3151000000.0,1170000000.0,ORCL,0.0,,0.0,0.0,,0.0,0.0,0.0,,,,,
626,2024-08-31,-531000000.0,,,1428000000.0,-12659000000.0,1007000000.0,ORCL,-151000000.0,,85000000.0,5806000000.0,,7427000000.0,162000000.0,-721000000.0,,,,,
627,2024-02-29,0.0,,,749000000.0,2401000000.0,1048000000.0,ORCL,0.0,,0.0,0.0,,0.0,0.0,0.0,,,,,
628,2023-11-30,0.0,,,755000000.0,2503000000.0,1029000000.0,ORCL,0.0,,0.0,0.0,,0.0,0.0,0.0,,,,,
629,2023-08-31,-457000000.0,,,1475000000.0,-3719000000.0,849000000.0,ORCL,-517000000.0,,-36000000.0,308000000.0,,6974000000.0,1848000000.0,-1314000000.0,,,,,
630,2023-02-28,0.0,,,886000000.0,1896000000.0,924000000.0,ORCL,0.0,,0.0,0.0,,0.0,0.0,0.0,,,,,
631,2022-11-30,0.0,,,907000000.0,1741000000.0,909000000.0,ORCL,0.0,,0.0,0.0,,0.0,0.0,0.0,,,,,
632,2025-04-30,0.0,0.0,,0.0,111200000.0,0.0,PANW,0.0,,,,,0.0,,,0.0,0.0,,,
633,2025-01-31,0.0,0.0,,0.0,154900000.0,0.0,PANW,0.0,,,,,0.0,,,0.0,0.0,,,
634,2024-10-31,96800000.0,1485700000.0,,179800000.0,300800000.0,294300000.0,PANW,-137400000.0,,,,,1509600000.0,,,-219700000.0,-543800000.0,,,
635,2024-04-30,0.0,0.0,,0.0,-383000000.0,0.0,PANW,0.0,,,,,0.0,,,0.0,0.0,,,
636,2024-01-31,0.0,0.0,,0.0,1620600000.0,0.0,PANW,0.0,,,,,0.0,,,0.0,0.0,,,
637,2023-10-31,-400000.0,1050200000.0,,156100000.0,1233500000.0,271000000.0,PANW,0.0,,,,,1526000000.0,,,-41800000.0,-129000000.0,,,
638,2023-04-30,0.0,0.0,,0.0,107800000.0,0.0,PANW,0.0,,,,,0.0,,,0.0,0.0,,,
639,2023-01-31,0.0,0.0,,0.0,84200000.0,0.0,PANW,0.0,,,,,0.0,,,0.0,0.0,,,
640,2025-03-22,-2671000000.0,,-238000000.0,829000000.0,518000000.0,77000000.0,PEP,111000000.0,-1882000000.0,203000000.0,3505000000.0,-1541000000.0,,-234000000.0,,1768000000.0,,,,
641,2024-09-07,0.0,,0.0,0.0,2945000000.0,0.0,PEP,0.0,0.0,0.0,0.0,0.0,,0.0,,0.0,,,,
642,2024-06-15,0.0,,0.0,0.0,3094000000.0,0.0,PEP,0.0,0.0,0.0,0.0,0.0,,0.0,,0.0,,,,
643,2024-03-23,-3408000000.0,,-291000000.0,768000000.0,925000000.0,97000000.0,PEP,116000000.0,-1767000000.0,-38000000.0,1761000000.0,-1252000000.0,,-1631000000.0,,10000000.0,,,,
644,2023-09-09,0.0,,0.0,0.0,3127000000.0,0.0,PEP,0.0,0.0,0.0,0.0,0.0,,0.0,,0.0,,,,
645,2023-06-17,0.0,,0.0,0.0,2778000000.0,0.0,PEP,0.0,0.0,0.0,0.0,0.0,,0.0,,0.0,,,,
646,2023-03-25,-2259000000.0,,-542000000.0,706000000.0,1378000000.0,93000000.0,PEP,78000000.0,-1608000000.0,-116000000.0,2986000000.0,-1251000000.0,,0.0,,0.0,,,,
647,2022-09-03,0.0,,0.0,0.0,2743000000.0,0.0,PEP,0.0,0.0,0.0,0.0,0.0,,0.0,,0.0,,,,
648,2025-03-30,,,0.0,1618000000.0,6023000000.0,170000000.0,PFE,,-2437000000.0,,,,0.0,,,,,,,
649,2024-09-29,,,0.0,0.0,4473000000.0,0.0,PFE,,0.0,,,,0.0,,,,,,,
650,2024-06-30,,,0.0,0.0,48000000.0,0.0,PFE,,0.0,,,,0.0,,,,,,,
651,2024-03-31,,,0.0,1736000000.0,-4121000000.0,220000000.0,PFE,,-2372000000.0,,,,0.0,,,,,,,
652,2023-10-01,,,5600000000.0,0.0,-2376000000.0,0.0,PFE,,0.0,,,,0.0,,,,,,,
653,2023-07-02,,,0.0,0.0,2338000000.0,0.0,PFE,,0.0,,,,0.0,,,,,,,
654,2023-04-02,,,0.0,0.0,777000000.0,105000000.0,PFE,,-2303000000.0,,,,1212000000.0,,,,,,,
655,2022-10-02,,,0.0,0.0,8624000000.0,0.0,PFE,,0.0,,,,0.0,,,,,,,
656,2025-03-31,0.0,0.0,0.0,0.0,3793000000.0,0.0,PG,0.0,0.0,0.0,,0.0,,,0.0,,,,,
657,2024-12-31,0.0,0.0,0.0,0.0,4659000000.0,0.0,PG,0.0,0.0,0.0,,0.0,,,0.0,,,,,
658,2024-09-30,-648000000.0,-134000000.0,-188000000.0,728000000.0,10441000000.0,105000000.0,PG,184000000.0,-2445000000.0,116000000.0,,0.0,,,-993000000.0,,,,,
659,2024-03-31,0.0,0.0,0.0,0.0,3781000000.0,0.0,PG,0.0,0.0,0.0,,0.0,,,0.0,,,,,
660,2023-12-31,0.0,0.0,0.0,0.0,3493000000.0,0.0,PG,0.0,0.0,0.0,,0.0,,,0.0,,,,,
661,2023-09-30,857000000.0,-830000000.0,-142000000.0,702000000.0,6944000000.0,125000000.0,PG,102000000.0,-2290000000.0,-156000000.0,,-1004000000.0,,,0.0,,,,,
662,2023-03-31,0.0,0.0,0.0,0.0,3424000000.0,0.0,PG,0.0,0.0,0.0,,0.0,,,0.0,,,,,
663,2022-12-31,0.0,0.0,0.0,0.0,3959000000.0,0.0,PG,0.0,0.0,0.0,,0.0,,,0.0,,,,,
664,2025-03-31,334000000.0,,,65000000.0,4945000000.0,,PGR,,-2695000000.0,,,,5143000000.0,,-59000000.0,-2749000000.0,-2341000000.0,,,
665,2024-09-30,0.0,,,0.0,2333400000.0,,PGR,,0.0,,,,0.0,,0.0,0.0,0.0,,,
666,2024-06-30,0.0,,,0.0,1458700000.0,,PGR,,0.0,,,,0.0,,0.0,0.0,0.0,,,
667,2024-03-31,457800000.0,,,79000000.0,5663000000.0,,PGR,,-505700000.0,,,,4235400000.0,,-50200000.0,-1042800000.0,-3124300000.0,,,
668,2023-09-30,0.0,,,2900000.0,1121300000.0,,PGR,,0.0,,,,0.0,,0.0,0.0,0.0,,,
669,2023-06-30,0.0,,,3100000.0,345400000.0,,PGR,,0.0,,,,0.0,,0.0,0.0,0.0,,,
670,2023-03-31,565500000.0,,,84300000.0,3485800000.0,,PGR,,-71900000.0,,,,2449500000.0,,-43200000.0,-104600000.0,-2277200000.0,,,
671,2022-09-30,0.0,,,5400000.0,124100000.0,,PGR,,0.0,,,,0.0,,0.0,0.0,0.0,,,
672,"('2025-03-31', 28314000.0, 67899000.0, 138947000.0)",-133025000.0,,22982000.0,-631223000.0,-763952000.0,,PLD,6682000.0,-939920000.0,,,,1160753000.0,-647474000.0,,-275560000.0,-1550511000.0,,,
673,"('2024-09-30', 0.0, 84749000.0, 0.0)",0.0,,0.0,-649265000.0,1063451000.0,,PLD,0.0,0.0,,,,0.0,0.0,,0.0,0.0,,,
674,"('2024-06-30', 0.0, 102337000.0, 0.0)",0.0,,0.0,-637305000.0,911501000.0,,PLD,0.0,0.0,,,,0.0,0.0,,0.0,0.0,,,
675,"('2024-03-31', 1360000.0, 72472000.0, 126653000.0)",-133323000.0,,-11782000.0,-619461000.0,-60482000.0,,PLD,334000.0,-891806000.0,,,,1055460000.0,-29799000.0,,2388000.0,-1084065000.0,,,
676,"('2023-09-30', 0.0, 71365000.0, 0.0)",0.0,,0.0,642010000.0,799141000.0,,PLD,0.0,0.0,,,,0.0,0.0,,0.0,0.0,,,
677,"('2023-06-30', 0.0, 70642000.0, 0.0)",0.0,,0.0,602168000.0,1279491000.0,,PLD,0.0,0.0,,,,0.0,0.0,,0.0,0.0,,,
678,"('2023-03-31', 21169000.0, 75779000.0, 135081000.0)",-62118000.0,,0.0,619990000.0,-1867164000.0,,PLD,3577000.0,-806505000.0,,,,1114297000.0,244018000.0,,172407000.0,-1049154000.0,,,
679,"('2022-09-30', 0.0, 84925000.0, 0.0)",0.0,,0.0,401450000.0,1069174000.0,,PLD,0.0,0.0,,,,0.0,0.0,,0.0,0.0,,,
680,2025-03-31,22395000.0,-134959000.0,,6622000.0,-2235762000.0,155339000.0,PLTR,,,,,,310263000.0,,-6184000.0,-28897000.0,-1390277000.0,,,
681,2024-09-30,0.0,0.0,,0.0,149341000.0,0.0,PLTR,,,,,,0.0,,0.0,0.0,0.0,,,
682,2024-06-30,0.0,0.0,,0.0,135570000.0,0.0,PLTR,,,,,,0.0,,0.0,0.0,0.0,,,
683,2024-03-31,23809000.0,-121884000.0,,8438000.0,-639211000.0,125651000.0,PLTR,,,,,,129579000.0,,0.0,75248000.0,-511245000.0,,,
684,2023-09-30,0.0,0.0,,0.0,73439000.0,0.0,PLTR,,,,,,0.0,,0.0,0.0,0.0,,,
685,2023-06-30,0.0,0.0,,0.0,27872000.0,0.0,PLTR,,,,,,0.0,,0.0,0.0,0.0,,,
686,2023-03-31,-39921000.0,-628000.0,,8320000.0,-2801222000.0,114714000.0,PLTR,,,,,,187376000.0,,-4755000.0,25983000.0,-1554591000.0,,,
687,2022-09-30,0.0,0.0,,0.0,-123875000.0,0.0,PLTR,,,,,,0.0,,0.0,0.0,0.0,,,
688,2025-03-31,-127000000.0,,-325000000.0,,5513000000.0,,PM,-67000000.0,-2116000000.0,335000000.0,,,-350000000.0,,-404000000.0,671000000.0,-434000000.0,,,
689,2024-09-30,0.0,,0.0,,3413000000.0,,PM,0.0,0.0,0.0,,,0.0,,0.0,0.0,0.0,,,
690,2024-06-30,0.0,,0.0,,2528000000.0,,PM,0.0,0.0,0.0,,,0.0,,0.0,0.0,0.0,,,
691,2024-03-31,-181000000.0,,527000000.0,,5231000000.0,,PM,76000000.0,-2037000000.0,-230000000.0,,,241000000.0,,-417000000.0,1135000000.0,-193000000.0,,,
692,2023-09-30,0.0,,0.0,,2171000000.0,,PM,0.0,0.0,0.0,,,0.0,,0.0,0.0,0.0,,,
693,2023-06-30,0.0,,0.0,,1682000000.0,,PM,0.0,0.0,0.0,,,0.0,,0.0,0.0,0.0,,,
694,2023-03-31,-145000000.0,,-783000000.0,,4967000000.0,,PM,-96000000.0,-1987000000.0,-89000000.0,,,-955000000.0,,-279000000.0,864000000.0,-591000000.0,,,
695,2022-09-30,0.0,,0.0,,2222000000.0,,PM,0.0,0.0,0.0,,,0.0,,0.0,0.0,0.0,,,
696,2025-03-30,0.0,0.0,0.0,0.0,2812000000.0,0.0,QCOM,,0.0,0.0,,0.0,0.0,,0.0,,,,,
697,2024-12-29,11000000.0,392000000.0,111000000.0,436000000.0,-1889000000.0,759000000.0,QCOM,,-942000000.0,-44000000.0,,-500000000.0,4587000000.0,,-277000000.0,,,,,
698,2024-06-23,0.0,0.0,0.0,0.0,2113000000.0,0.0,QCOM,,0.0,0.0,,0.0,0.0,,0.0,,,,,
699,2024-03-24,0.0,0.0,0.0,0.0,2325000000.0,0.0,QCOM,,0.0,0.0,,0.0,0.0,,0.0,,,,,
700,2023-12-24,241000000.0,-325000000.0,165000000.0,437000000.0,-2528000000.0,602000000.0,QCOM,,-895000000.0,15000000.0,,-400000000.0,2949000000.0,,-214000000.0,,,,,
701,2023-06-25,0.0,0.0,0.0,0.0,1754000000.0,0.0,QCOM,,0.0,0.0,,0.0,0.0,,0.0,,,,,
702,2023-03-26,0.0,0.0,0.0,0.0,1789000000.0,0.0,QCOM,,0.0,0.0,,0.0,0.0,,0.0,,,,,
703,2022-12-25,-1264000000.0,1694000000.0,-476000000.0,398000000.0,5178000000.0,634000000.0,QCOM,,-842000000.0,27000000.0,,-1955000000.0,3095000000.0,,-398000000.0,,,,,
704,2025-03-31,397000000.0,-372000000.0,-813000000.0,1052000000.0,-341000000.0,,RTX,67000000.0,-840000000.0,,,-9000000.0,,,-513000000.0,,,,-50000000.0,
705,2024-09-30,0.0,0.0,0.0,0.0,1535000000.0,,RTX,-138000000.0,0.0,,,0.0,,,0.0,,,,0.0,
706,2024-06-30,0.0,0.0,0.0,0.0,175000000.0,,RTX,0.0,0.0,,,0.0,,,0.0,,,,0.0,
707,2024-03-31,-218000000.0,431000000.0,-646000000.0,1059000000.0,-1202000000.0,,RTX,-114000000.0,-769000000.0,,,-950000000.0,,,-467000000.0,,,,-56000000.0,
708,2023-09-30,0.0,0.0,0.0,0.0,-1319000000.0,,RTX,-663000000.0,0.0,,,0.0,,,0.0,,,,0.0,
709,2023-06-30,0.0,0.0,0.0,0.0,969000000.0,,RTX,0.0,0.0,,,0.0,,,0.0,,,,0.0,
710,2023-03-31,490000000.0,-962000000.0,-720000000.0,1034000000.0,1323000000.0,,RTX,-329000000.0,-790000000.0,,,0.0,,,-520000000.0,,,,-562000000.0,
711,2022-09-30,0.0,0.0,0.0,0.0,1046000000.0,,RTX,0.0,0.0,,,0.0,,,0.0,,,,0.0,
712,2025-03-31,,,,308000000.0,-6306000000.0,126000000.0,SCHW,-35000000.0,-595000000.0,,,0.0,,,,,,-1431000000.0,-1500000000.0,
713,2024-09-30,,,,130000000.0,2294000000.0,0.0,SCHW,0.0,0.0,,,0.0,,,,,,0.0,0.0,
714,2024-06-30,,,,129000000.0,2186000000.0,0.0,SCHW,0.0,0.0,,,0.0,,,,,,0.0,0.0,
715,2024-03-31,,,,335000000.0,-42549000000.0,131000000.0,SCHW,-49000000.0,-562000000.0,,,0.0,,,,,,-796000000.0,0.0,
716,2023-09-30,,,,135000000.0,4610000000.0,0.0,SCHW,0.0,0.0,,,0.0,,,,,,0.0,0.0,
717,2023-06-30,,,,134000000.0,3143000000.0,0.0,SCHW,0.0,0.0,,,0.0,,,,,,0.0,0.0,
718,2023-03-31,,,,320000000.0,16829000000.0,134000000.0,SCHW,3000000.0,-568000000.0,,,-808000000.0,,,,,,-4000000.0,0.0,
719,2022-09-30,,,,152000000.0,12569000000.0,0.0,SCHW,0.0,0.0,,,0.0,,,,,,0.0,0.0,
720,2025-03-31,-394000000.0,,,1411000000.0,-331000000.0,,SO,283000000.0,,,,,,,,,,,,
721,2024-09-30,0.0,,,0.0,1477000000.0,,SO,0.0,,,,,,,,,,,,
722,2024-06-30,0.0,,,0.0,1137000000.0,,SO,0.0,,,,,,,,,,,,
723,2024-03-31,-423000000.0,,,1261000000.0,-2710000000.0,,SO,0.0,,,,,,,,,,,,
724,2023-09-30,0.0,,,0.0,1366000000.0,,SO,0.0,,,,,,,,,,,,
725,2023-06-30,0.0,,,0.0,753000000.0,,SO,0.0,,,,,,,,,,,,
726,2023-03-31,-1056000000.0,,,1233000000.0,-3557000000.0,,SO,0.0,,,,,,,,,,,,
727,2022-09-30,0.0,,,0.0,1428000000.0,,SO,0.0,,,,,,,,,,,,
728,2025-03-31,-678000000.0,-214000000.0,,293000000.0,1008000000.0,47000000.0,SPGI,-63000000.0,-295000000.0,32000000.0,0.0,,,,-43000000.0,,,,-650000000.0,
729,2024-09-30,0.0,0.0,,293000000.0,1026000000.0,0.0,SPGI,0.0,0.0,0.0,0.0,,,,0.0,,,,-1500000000.0,
730,2024-06-30,0.0,0.0,,291000000.0,1085000000.0,0.0,SPGI,0.0,0.0,0.0,0.0,,,,0.0,,,,0.0,
731,2024-03-31,-602000000.0,-170000000.0,,287000000.0,2124000000.0,33000000.0,SPGI,-67000000.0,-286000000.0,-18000000.0,0.0,,,,-24000000.0,,,,-500000000.0,
732,2023-09-30,0.0,0.0,,282000000.0,814000000.0,0.0,SPGI,0.0,0.0,0.0,0.0,,,,0.0,,,,0.0,
733,2023-06-30,0.0,0.0,,285000000.0,694000000.0,0.0,SPGI,0.0,0.0,0.0,0.0,,,,0.0,,,,0.0,
734,2023-03-31,-343000000.0,31000000.0,,287000000.0,1304000000.0,46000000.0,SPGI,-167000000.0,-290000000.0,7000000.0,0.0,,,,-28000000.0,,,,-500000000.0,
735,2022-09-30,0.0,0.0,,298000000.0,676000000.0,0.0,SPGI,0.0,0.0,0.0,0.0,,,,0.0,,,,0.0,
736,2025-03-31,-309000000.0,144000000.0,-93000000.0,272000000.0,-5305000000.0,84000000.0,SYK,14000000.0,,20000000.0,2979000000.0,,250000000.0,,,2534000000.0,-4136000000.0,-504000000.0,,
737,2024-09-30,0.0,0.0,0.0,159000000.0,834000000.0,0.0,SYK,0.0,,0.0,0.0,,0.0,,,0.0,0.0,0.0,,
738,2024-06-30,0.0,0.0,0.0,155000000.0,825000000.0,0.0,SYK,0.0,,0.0,0.0,,0.0,,,0.0,0.0,0.0,,
739,2024-03-31,-257000000.0,258000000.0,-184000000.0,260000000.0,-753000000.0,87000000.0,SYK,-39000000.0,,-19000000.0,0.0,,204000000.0,,,-418000000.0,-408000000.0,-635000000.0,,
740,2023-09-30,0.0,0.0,0.0,0.0,701000000.0,0.0,SYK,0.0,,0.0,0.0,,0.0,,,0.0,0.0,0.0,,
741,2023-06-30,0.0,0.0,0.0,0.0,741000000.0,0.0,SYK,0.0,,0.0,0.0,,0.0,,,0.0,0.0,0.0,,
742,2023-03-31,-56000000.0,365000000.0,-314000000.0,257000000.0,-248000000.0,74000000.0,SYK,0.0,,-5000000.0,0.0,,445000000.0,,,-481000000.0,-132000000.0,-405000000.0,,
743,2022-09-30,0.0,0.0,0.0,0.0,917000000.0,0.0,SYK,0.0,,0.0,0.0,,0.0,,,0.0,0.0,0.0,,
744,2025-03-31,-3297000000.0,,-661000000.0,5190000000.0,13867000000.0,,T,0.0,-2091000000.0,,,-1526000000.0,9049000000.0,3538000000.0,-4277000000.0,-553000000.0,-4958000000.0,,-218000000.0,
745,2024-09-30,0.0,,0.0,5087000000.0,145000000.0,,T,0.0,0.0,,,0.0,0.0,0.0,0.0,0.0,0.0,,0.0,
746,2024-06-30,0.0,,0.0,5072000000.0,3949000000.0,,T,0.0,0.0,,,0.0,0.0,0.0,0.0,0.0,0.0,,0.0,
747,2024-03-31,-3497000000.0,,0.0,5047000000.0,11017000000.0,,T,479000000.0,-2034000000.0,,,-6681000000.0,7547000000.0,-3229000000.0,-3758000000.0,-7815000000.0,-2961000000.0,,-157000000.0,
748,2023-09-30,0.0,,0.0,4705000000.0,3826000000.0,,T,0.0,0.0,,,0.0,0.0,0.0,0.0,0.0,0.0,,0.0,
749,2023-06-30,0.0,,0.0,4675000000.0,4762000000.0,,T,0.0,0.0,,,0.0,0.0,0.0,0.0,0.0,0.0,,0.0,
750,2023-03-31,-3409000000.0,,0.0,4631000000.0,11589000000.0,,T,529000000.0,-2014000000.0,,,-6075000000.0,6678000000.0,-851000000.0,-4335000000.0,-3711000000.0,-3818000000.0,,-188000000.0,
751,2022-09-30,0.0,,0.0,4514000000.0,6956000000.0,,T,0.0,0.0,,,-199000000.0,0.0,0.0,0.0,0.0,0.0,,0.0,
752,2025-05-03,101000000.0,-38000000.0,-575000000.0,296000000.0,-1903000000.0,33000000.0,TJX,8000000.0,-424000000.0,77000000.0,,,394000000.0,,,,,-723000000.0,-613000000.0,50000000.0
753,2024-11-02,0.0,0.0,0.0,0.0,1297000000.0,0.0,TJX,0.0,0.0,0.0,,,0.0,,,,,0.0,0.0,0.0
754,2024-08-03,0.0,0.0,0.0,0.0,1099000000.0,0.0,TJX,0.0,0.0,0.0,,,0.0,,,,,0.0,0.0,0.0
755,2024-05-04,219000000.0,-13000000.0,-266000000.0,264000000.0,-1064000000.0,38000000.0,TJX,24000000.0,-380000000.0,-11000000.0,,,737000000.0,,,,,-741000000.0,-509000000.0,90000000.0
756,2023-10-28,0.0,0.0,0.0,0.0,1191000000.0,0.0,TJX,0.0,0.0,0.0,,,0.0,,,,,0.0,0.0,0.0
757,2023-07-29,0.0,0.0,0.0,0.0,989000000.0,0.0,TJX,0.0,0.0,0.0,,,0.0,,,,,0.0,0.0,0.0
758,2023-04-29,507000000.0,-22000000.0,-624000000.0,232000000.0,-964000000.0,34000000.0,TJX,16000000.0,-343000000.0,2000000.0,,,745000000.0,,,,,-477000000.0,-492000000.0,28000000.0
759,2022-10-29,0.0,0.0,0.0,0.0,1062806000.0,0.0,TJX,0.0,0.0,0.0,,,0.0,,,,,0.0,0.0,0.0
760,2025-03-29,,,,705000000.0,-753000000.0,75000000.0,TMO,-279000000.0,-149000000.0,,2840000000.0,-838000000.0,723000000.0,,,-102000000.0,-527000000.0,,,
761,2024-09-28,,,,450000000.0,1629000000.0,0.0,TMO,0.0,0.0,,0.0,0.0,0.0,,,0.0,0.0,,,
762,2024-06-29,,,,513000000.0,1553000000.0,0.0,TMO,0.0,0.0,,0.0,0.0,0.0,,,0.0,0.0,,,
763,2024-03-30,,,,836000000.0,-6156000000.0,70000000.0,TMO,-253000000.0,-135000000.0,,1205000000.0,0.0,1251000000.0,,,-1821000000.0,-2030000000.0,,,
764,2023-09-30,,,,584000000.0,1695000000.0,0.0,TMO,0.0,0.0,,0.0,0.0,0.0,,,0.0,0.0,,,
765,2023-07-01,,,,585000000.0,1362000000.0,0.0,TMO,0.0,0.0,,0.0,0.0,0.0,,,0.0,0.0,,,
766,2023-04-01,,,,859000000.0,-10240000000.0,76000000.0,TMO,-146000000.0,-117000000.0,,1027000000.0,0.0,729000000.0,,,-2593000000.0,-3142000000.0,,,
767,2022-10-01,,,,594000000.0,1498000000.0,0.0,TMO,0.0,0.0,,0.0,0.0,0.0,,,0.0,0.0,,,
768,2025-03-31,-268000000.0,-93000000.0,-318000000.0,3198000000.0,4432000000.0,186000000.0,TMUS,771000000.0,-1003000000.0,,7774000000.0,479000000.0,6847000000.0,,-2451000000.0,3193000000.0,-3409000000.0,,,
769,2024-09-30,-165000000.0,-734000000.0,-448000000.0,3151000000.0,3272000000.0,170000000.0,TMUS,817000000.0,-758000000.0,,2480000000.0,223000000.0,6139000000.0,,-1961000000.0,507000000.0,-3307000000.0,,,
770,2024-06-30,38000000.0,-1286000000.0,221000000.0,3248000000.0,-1231000000.0,164000000.0,TMUS,747000000.0,-759000000.0,,2136000000.0,2723000000.0,5521000000.0,,-2040000000.0,-4134000000.0,-1678000000.0,,,
771,2024-03-31,-1734000000.0,-416000000.0,170000000.0,3371000000.0,238000000.0,140000000.0,TMUS,715000000.0,-769000000.0,,3473000000.0,223000000.0,5084000000.0,,-2627000000.0,-1666000000.0,-1787000000.0,,,
772,2023-09-30,208000000.0,-1046000000.0,-309000000.0,3187000000.0,-7632000000.0,156000000.0,TMUS,671000000.0,0.0,,1983000000.0,4474000000.0,5294000000.0,,-2424000000.0,0.0,-1393000000.0,,,
773,2023-06-30,-864000000.0,-1514000000.0,362000000.0,3110000000.0,785000000.0,167000000.0,TMUS,703000000.0,0.0,,3450000000.0,223000000.0,4355000000.0,,-2789000000.0,-784000000.0,-1487000000.0,,,
774,2023-03-31,-882000000.0,-1268000000.0,129000000.0,3203000000.0,-2815000000.0,177000000.0,TMUS,611000000.0,0.0,,3013000000.0,131000000.0,4051000000.0,,-3001000000.0,-2273000000.0,-1728000000.0,,,
775,2022-09-30,342000000.0,-1224000000.0,-7000000.0,3313000000.0,4044000000.0,150000000.0,TMUS,-36000000.0,0.0,,2972000000.0,132000000.0,4391000000.0,,-3634000000.0,1927000000.0,-2555000000.0,,,
776,2025-03-31,706000000.0,630000000.0,-1592000000.0,,1046000000.0,573000000.0,TSLA,-43000000.0,,40000000.0,625000000.0,,2156000000.0,213000000.0,-1492000000.0,-332000000.0,-1651000000.0,,,
777,2024-09-30,0.0,0.0,46000000.0,,2183000000.0,0.0,TSLA,0.0,,0.0,0.0,,0.0,0.0,0.0,0.0,0.0,,,
778,2024-06-30,0.0,0.0,29000000.0,,1494000000.0,0.0,TSLA,0.0,,0.0,0.0,,0.0,0.0,0.0,0.0,0.0,,,
779,2024-03-31,1247000000.0,-422000000.0,-2629000000.0,,-625000000.0,524000000.0,TSLA,-11000000.0,,-79000000.0,776000000.0,,242000000.0,-4725000000.0,-2773000000.0,196000000.0,-5084000000.0,,,
780,2023-09-30,0.0,0.0,43000000.0,,1878000000.0,10000000.0,TSLA,0.0,,0.0,0.0,,0.0,0.0,0.0,0.0,0.0,,,
781,2023-06-30,0.0,0.0,66000000.0,,2614000000.0,20000000.0,TSLA,0.0,,0.0,0.0,,0.0,0.0,0.0,0.0,0.0,,,
782,2023-03-31,797000000.0,-32000000.0,-1490000000.0,,3652000000.0,418000000.0,TSLA,0.0,,50000000.0,0.0,,2513000000.0,-154000000.0,-2072000000.0,-233000000.0,-2484000000.0,,,
783,2022-09-30,0.0,0.0,42000000.0,,3331000000.0,31000000.0,TSLA,0.0,,0.0,0.0,,0.0,0.0,0.0,0.0,0.0,,,
784,2025-03-31,,,,99100000.0,-551000000.0,22200000.0,TT,,-217500000.0,39100000.0,,0.0,339500000.0,,,-723100000.0,-385100000.0,,-477500000.0,
785,2024-09-30,,,,95000000.0,786800000.0,0.0,TT,,0.0,0.0,,0.0,0.0,,,0.0,0.0,,0.0,
786,2024-06-30,,,,96200000.0,766800000.0,0.0,TT,,0.0,0.0,,0.0,0.0,,,0.0,0.0,,0.0,
787,2024-03-31,,,,91500000.0,263000000.0,19800000.0,TT,,-192400000.0,-24200000.0,,0.0,247200000.0,,,-386700000.0,-81700000.0,,-300300000.0,
788,2023-09-30,,,,92000000.0,638800000.0,0.0,TT,,0.0,0.0,,0.0,0.0,,,0.0,0.0,,0.0,
789,2023-06-30,,,,88400000.0,596800000.0,0.0,TT,,0.0,0.0,,0.0,0.0,,,0.0,0.0,,0.0,
790,2023-03-31,,,,79800000.0,-75400000.0,24400000.0,TT,,-173200000.0,14100000.0,,-700000000.0,8500000.0,,,-459200000.0,-91000000.0,,-300000000.0,
791,2022-09-30,,,,84000000.0,560300000.0,0.0,TT,,0.0,0.0,,0.0,0.0,,,0.0,0.0,,0.0,
792,2025-03-31,-121000000.0,-141000000.0,-160000000.0,444000000.0,1632000000.0,,TXN,,-1238000000.0,,0.0,-750000000.0,,,-1123000000.0,,,,,
793,2024-09-30,0.0,0.0,0.0,0.0,1362000000.0,,TXN,,0.0,,0.0,0.0,,,0.0,,,,,
794,2024-06-30,0.0,0.0,0.0,0.0,1127000000.0,,TXN,,0.0,,0.0,0.0,,,0.0,,,,,
795,2024-03-31,-77000000.0,116000000.0,-84000000.0,362000000.0,-2197000000.0,,TXN,,-1183000000.0,,2980000000.0,0.0,,,-1248000000.0,,,,,
796,2023-09-30,0.0,0.0,0.0,0.0,1709000000.0,,TXN,,0.0,,0.0,0.0,,,0.0,,,,,
797,2023-06-30,0.0,0.0,0.0,0.0,1722000000.0,,TXN,,0.0,,0.0,0.0,,,0.0,,,,,
798,2023-03-31,-124000000.0,18000000.0,-531000000.0,281000000.0,5419000000.0,,TXN,,-1125000000.0,,1397000000.0,0.0,,,-982000000.0,,,,,
799,2022-09-30,0.0,0.0,0.0,0.0,2295000000.0,,TXN,,0.0,,0.0,0.0,,,0.0,,,,,
800,2025-03-31,6000000.0,-123000000.0,,0.0,-774000000.0,435000000.0,UBER,-412000000.0,,70000000.0,,,2324000000.0,-10000000.0,-74000000.0,-1862000000.0,-542000000.0,430000000.0,,
801,2024-09-30,0.0,0.0,,0.0,2611000000.0,0.0,UBER,0.0,,0.0,,,0.0,0.0,0.0,0.0,0.0,0.0,,
802,2024-06-30,0.0,0.0,,0.0,1020000000.0,0.0,UBER,0.0,,0.0,,,0.0,0.0,0.0,0.0,0.0,0.0,,
803,2024-03-31,46000000.0,-422000000.0,,194000000.0,-14000000.0,484000000.0,UBER,-16000000.0,,-94000000.0,,,1416000000.0,980000000.0,-57000000.0,-100000000.0,-242000000.0,590000000.0,,
804,2023-09-30,0.0,0.0,,-205000000.0,216000000.0,0.0,UBER,0.0,,0.0,,,0.0,0.0,0.0,0.0,0.0,0.0,,
805,2023-06-30,0.0,0.0,,-208000000.0,390000000.0,0.0,UBER,0.0,,0.0,,,0.0,0.0,0.0,0.0,0.0,0.0,,
806,2023-03-31,-7000000.0,168000000.0,,-207000000.0,-626000000.0,470000000.0,UBER,10000000.0,,16000000.0,,,606000000.0,116000000.0,-57000000.0,-107000000.0,-399000000.0,-142000000.0,,
807,2022-09-30,0.0,0.0,,-227000000.0,-1220000000.0,0.0,UBER,0.0,,0.0,,,0.0,0.0,0.0,0.0,0.0,0.0,,
808,2025-03-31,-607000000.0,-4462000000.0,,1061000000.0,21518000000.0,375000000.0,UNH,64000000.0,-1912000000.0,15000000.0,0.0,0.0,,5405000000.0,,,,,,
809,2024-09-30,0.0,0.0,,1041000000.0,6258000000.0,0.0,UNH,0.0,0.0,0.0,0.0,0.0,,0.0,,,,,,
810,2024-06-30,0.0,0.0,,1020000000.0,4421000000.0,0.0,UNH,0.0,0.0,0.0,0.0,0.0,,0.0,,,,,,
811,2024-03-31,-231000000.0,-6162000000.0,,997000000.0,13566000000.0,372000000.0,UNH,-27000000.0,-1729000000.0,-48000000.0,5925000000.0,-750000000.0,,0.0,,,,,,
812,2023-09-30,0.0,0.0,,1007000000.0,6038000000.0,0.0,UNH,0.0,0.0,0.0,0.0,0.0,,0.0,,,,,,
813,2023-06-30,0.0,0.0,,1021000000.0,5657000000.0,0.0,UNH,0.0,0.0,0.0,0.0,0.0,,0.0,,,,,,
814,2023-03-31,1796000000.0,-4306000000.0,,970000000.0,53609000000.0,362000000.0,UNH,-332000000.0,-1537000000.0,51000000.0,6401000000.0,-1375000000.0,,0.0,,,,,,
815,2022-09-30,0.0,0.0,,828000000.0,5384000000.0,0.0,UNH,0.0,0.0,0.0,0.0,0.0,,0.0,,,,,,
816,2025-03-31,-236000000.0,-71000000.0,,610000000.0,2656000000.0,,UNP,,-804000000.0,,,,,,,,,,,
817,2024-09-30,0.0,0.0,,602000000.0,1671000000.0,,UNP,,0.0,,,,,,,,,,,
818,2024-06-30,0.0,0.0,,596000000.0,1673000000.0,,UNP,,0.0,,,,,,,,,,,
819,2024-03-31,-220000000.0,-89000000.0,,594000000.0,669000000.0,,UNP,,-795000000.0,,,,,,,,,,,
820,2023-09-30,0.0,0.0,,580000000.0,1528000000.0,,UNP,,0.0,,,,,,,,,,,
821,2023-06-30,0.0,0.0,,577000000.0,1569000000.0,,UNP,,0.0,,,,,,,,,,,
822,2023-03-31,-437000000.0,-59000000.0,,572000000.0,1618000000.0,,UNP,,-795000000.0,,,,,,,,,,,
823,2022-09-30,0.0,0.0,,563000000.0,1895000000.0,,UNP,,0.0,,,,,,,,,,,
824,2025-03-31,0.0,0.0,,305000000.0,4577000000.0,0.0,V,0.0,0.0,0.0,,,0.0,,,0.0,0.0,,0.0,
825,2024-12-31,-54000000.0,-64000000.0,,282000000.0,2997000000.0,224000000.0,V,38000000.0,-1170000000.0,-508000000.0,,,5396000000.0,,,-5475000000.0,790000000.0,,0.0,
826,2024-06-30,0.0,0.0,,264000000.0,4872000000.0,0.0,V,0.0,0.0,0.0,,,0.0,,,0.0,0.0,,0.0,
827,2024-03-31,0.0,0.0,,249000000.0,4663000000.0,0.0,V,0.0,0.0,0.0,,,0.0,,,0.0,0.0,,0.0,
828,2023-12-31,-18000000.0,-195000000.0,,247000000.0,1580000000.0,209000000.0,V,59000000.0,-1060000000.0,300000000.0,,,3614000000.0,,,-4379000000.0,-1889000000.0,,-3580000000.0,
829,2023-06-30,0.0,0.0,,235000000.0,4156000000.0,0.0,V,0.0,0.0,0.0,,,0.0,,,0.0,0.0,,0.0,
830,2023-03-31,0.0,0.0,,234000000.0,4257000000.0,0.0,V,0.0,0.0,0.0,,,0.0,,,0.0,0.0,,0.0,
831,2022-12-31,-64000000.0,-60000000.0,,227000000.0,-152000000.0,177000000.0,V,-132000000.0,-945000000.0,692000000.0,,,4171000000.0,,,-6347000000.0,-510000000.0,,-3115000000.0,
832,2025-03-31,26200000.0,-169600000.0,-167100000.0,48400000.0,-64300000.0,166100000.0,VRTX,-191600000.0,,,,,818900000.0,,-40700000.0,-680400000.0,-55800000.0,48100000.0,,
833,2024-09-30,0.0,0.0,0.0,0.0,1045700000.0,0.0,VRTX,0.0,,,,,0.0,,0.0,0.0,0.0,0.0,,
834,2024-06-30,0.0,0.0,0.0,0.0,-3593100000.0,0.0,VRTX,0.0,,,,,0.0,,0.0,0.0,0.0,0.0,,
835,2024-03-31,100000.0,-251600000.0,-80100000.0,53500000.0,-2062200000.0,191900000.0,VRTX,-158300000.0,,,,,1306600000.0,,-68400000.0,-357500000.0,-2136400000.0,194100000.0,,
836,2023-09-30,0.0,0.0,0.0,0.0,1036500000.0,0.0,VRTX,0.0,,,,,0.0,,0.0,0.0,0.0,0.0,,
837,2023-06-30,0.0,0.0,0.0,0.0,915100000.0,0.0,VRTX,0.0,,,,,0.0,,0.0,0.0,0.0,0.0,,
838,2023-03-31,35700000.0,-90500000.0,-82600000.0,38800000.0,-2310400000.0,122400000.0,VRTX,-113400000.0,,,,,899900000.0,,-42100000.0,-294700000.0,-1833600000.0,140700000.0,,
839,2022-09-30,0.0,0.0,0.0,0.0,927900000.0,0.0,VRTX,0.0,,,,,0.0,,0.0,0.0,0.0,0.0,,
840,"('2025-03-31', 20000000.0, 0.0)",,,,4577000000.0,519000000.0,,VZ,132000000.0,-2856000000.0,,,,7782000000.0,,-4145000000.0,-5893000000.0,-3752000000.0,,,
841,"('2024-09-30', 0.0, 0.0)",,,,4458000000.0,3411000000.0,,VZ,0.0,0.0,,,,0.0,,0.0,0.0,0.0,,,
842,"('2024-06-30', 0.0, 0.0)",,,,4483000000.0,4702000000.0,,VZ,0.0,0.0,,,,0.0,,0.0,0.0,0.0,,,
843,"('2024-03-31', 0.0, 14000000.0)",,,,4445000000.0,5116000000.0,,VZ,141000000.0,-2796000000.0,,,,7084000000.0,,-4376000000.0,-1428000000.0,-5245000000.0,,,
844,"('2023-09-30', 0.0, 0.0)",,,,4431000000.0,4884000000.0,,VZ,0.0,0.0,,,,0.0,,0.0,0.0,0.0,,,
845,"('2023-06-30', 0.0, 0.0)",,,,4359000000.0,4766000000.0,,VZ,0.0,0.0,,,,0.0,,0.0,0.0,0.0,,,
846,"('2023-03-31', 0.0, 10000000.0)",,,,4318000000.0,5575000000.0,,VZ,331000000.0,-2744000000.0,,,,8289000000.0,,-5958000000.0,-2383000000.0,-6110000000.0,,,
847,"('2022-09-30', 0.0, 0.0)",,,,4324000000.0,4828000000.0,,VZ,0.0,0.0,,,,0.0,,0.0,0.0,0.0,,,
848,"('2025-03-31', -50513000.0, 12395000.0, 4160000.0, -1263000.0)",,,-30908000.0,499638000.0,-12161000.0,17505000.0,WELL,,,,,,,,,,,-105111000.0,,
849,"('2024-09-30', 0.0, 0.0, 0.0, 4038000.0)",,,0.0,-403779000.0,438673000.0,0.0,WELL,,,,,,,,,,,0.0,,
850,"('2024-06-30', 0.0, 0.0, 0.0, 4896000.0)",,,0.0,-382045000.0,257233000.0,0.0,WELL,,,,,,,,,,,0.0,,
851,"('2024-03-31', -103825000.0, 10039000.0, 1609000.0, -7783000.0)",,,-42343000.0,-352763000.0,1992497000.0,12048000.0,WELL,,,,,,,,,,,-29420000.0,,
852,"('2023-09-30', 0.0, 0.0, 0.0, -4031000.0)",,,0.0,-339314000.0,58314000.0,0.0,WELL,,,,,,,,,,,0.0,,
853,"('2023-06-30', 0.0, 0.0, 0.0, -40332000.0)",,,0.0,-341945000.0,103206000.0,0.0,WELL,,,,,,,,,,,0.0,,
854,"('2023-03-31', -112822000.0, 4800000.0, 3418000.0, -7071000.0)",,,6392000.0,-329402000.0,1123153000.0,9456000.0,WELL,,,,,,,,,,,-4503000.0,,
855,"('2022-09-30', 0.0, 0.0, 0.0, -6698000.0)",,,0.0,-353699000.0,-14406000.0,0.0,WELL,,,,,,,,,,,0.0,,
856,2025-03-31,,,,1858000000.0,-62135000000.0,,WFC,-423000000.0,-1318000000.0,,7340000000.0,,,,,,,2343000000.0,,
857,2024-09-30,,,,0.0,6235000000.0,,WFC,0.0,0.0,,0.0,,,,,,,0.0,,
858,2024-06-30,,,,0.0,6145000000.0,,WFC,0.0,0.0,,0.0,,,,,,,0.0,,
859,2024-03-31,,,,1819000000.0,80581000000.0,,WFC,289000000.0,-1247000000.0,,14592000000.0,,,,,,,111000000.0,,
860,2023-09-30,,,,0.0,6933000000.0,,WFC,0.0,0.0,,0.0,,,,,,,0.0,,
861,2023-06-30,,,,0.0,6616000000.0,,WFC,0.0,0.0,,0.0,,,,,,,0.0,,
862,2023-03-31,,,,1552000000.0,1334000000.0,,WFC,600000000.0,-1137000000.0,,157000000.0,,,,,,,-1145000000.0,,
863,2022-09-30,,,,0.0,4284000000.0,,WFC,0.0,0.0,,0.0,,,,,,,0.0,,
864,2025-04-30,-310000000.0,,-807000000.0,3369000000.0,-3557000000.0,,WMT,-76000000.0,-1880000000.0,70000000.0,3983000000.0,0.0,5411000000.0,,,8000000.0,-5093000000.0,,,
865,2024-10-31,0.0,,0.0,0.0,4714000000.0,,WMT,0.0,0.0,0.0,0.0,0.0,0.0,,,0.0,0.0,,,
866,2024-07-31,0.0,,0.0,0.0,4711000000.0,,WMT,0.0,0.0,0.0,0.0,0.0,0.0,,,0.0,0.0,,,
867,2024-04-30,213000000.0,,-529000000.0,3128000000.0,-625000000.0,,WMT,102000000.0,-1671000000.0,6000000.0,0.0,1574000000.0,4249000000.0,,,-321000000.0,-4409000000.0,,,
868,2023-10-31,0.0,,0.0,0.0,643000000.0,,WMT,0.0,0.0,0.0,0.0,0.0,0.0,,,0.0,0.0,,,
869,2023-07-31,0.0,,0.0,0.0,8053000000.0,,WMT,0.0,0.0,0.0,0.0,0.0,0.0,,,0.0,0.0,,,
870,2023-04-30,971000000.0,,-154000000.0,2845000000.0,-1002000000.0,,WMT,-725000000.0,-1538000000.0,154000000.0,4967000000.0,1784000000.0,4633000000.0,,,1940000000.0,-4860000000.0,,,
871,2022-10-31,0.0,,0.0,0.0,-1767000000.0,,WMT,0.0,0.0,0.0,0.0,0.0,0.0,,,0.0,0.0,,,
872,2025-03-31,,,,5702000000.0,-5104000000.0,,XOM,,,,,,12953000000.0,,-5898000000.0,-13579000000.0,-4135000000.0,,,
873,2024-09-30,,,,6258000000.0,8971000000.0,,XOM,,,,,,0.0,,0.0,0.0,0.0,,,
874,2024-06-30,,,,5787000000.0,9571000000.0,,XOM,,,,,,0.0,,0.0,0.0,0.0,,,
875,2024-03-31,,,,4812000000.0,8510000000.0,,XOM,,,,,,14664000000.0,,-5074000000.0,-7982000000.0,-4577000000.0,,,
876,2023-09-30,,,,4415000000.0,9346000000.0,,XOM,,,,,,0.0,,0.0,0.0,0.0,,,
877,2023-06-30,,,,4242000000.0,8153000000.0,,XOM,,,,,,0.0,,0.0,0.0,0.0,,,
878,2023-03-31,,,,4244000000.0,13964000000.0,,XOM,,,,,,16341000000.0,,-5412000000.0,-8507000000.0,-4925000000.0,,,
879,2022-09-30,,,,5642000000.0,20198000000.0,,XOM,,,,,,0.0,,0.0,0.0,0.0,,,
